-- phpMyAdmin SQL Dump
-- version 4.7.7
-- https://www.phpmyadmin.net/
--
-- Хост: localhost:3306
-- Время создания: Мар 14 2019 г., 04:41
-- Версия сервера: 5.6.39-cll-lve
-- Версия PHP: 5.6.30

SET SQL_MODE = "NO_AUTO_VALUE_ON_ZERO";
SET AUTOCOMMIT = 0;
START TRANSACTION;
SET time_zone = "+00:00";


/*!40101 SET @OLD_CHARACTER_SET_CLIENT=@@CHARACTER_SET_CLIENT */;
/*!40101 SET @OLD_CHARACTER_SET_RESULTS=@@CHARACTER_SET_RESULTS */;
/*!40101 SET @OLD_COLLATION_CONNECTION=@@COLLATION_CONNECTION */;
/*!40101 SET NAMES utf8mb4 */;

--
-- База данных: `collabthem`
--

-- --------------------------------------------------------

--
-- Структура таблицы `account_types`
--

CREATE TABLE `account_types` (
  `id` int(11) NOT NULL,
  `title` varchar(100) NOT NULL,
  `created` datetime NOT NULL,
  `modified` datetime NOT NULL
) ENGINE=InnoDB DEFAULT CHARSET=latin1;

--
-- Дамп данных таблицы `account_types`
--

INSERT INTO `account_types` (`id`, `title`, `created`, `modified`) VALUES
(1, 'Service Provider', '2018-06-26 10:49:19', '2018-06-26 10:49:19'),
(2, 'Customer', '2018-06-26 10:49:19', '2018-06-26 10:49:19');

-- --------------------------------------------------------

--
-- Структура таблицы `admin_users`
--

CREATE TABLE `admin_users` (
  `id` int(11) NOT NULL,
  `name` varchar(150) NOT NULL,
  `mobile` varchar(15) NOT NULL,
  `dob` date NOT NULL,
  `email` varchar(180) NOT NULL,
  `password` varchar(255) NOT NULL,
  `fake_pass` varchar(250) DEFAULT NULL,
  `profile_photo` varchar(255) NOT NULL,
  `status` tinyint(1) NOT NULL,
  `is_verified` tinyint(1) NOT NULL,
  `login_count` int(11) NOT NULL,
  `created` datetime NOT NULL,
  `modified` datetime NOT NULL
) ENGINE=InnoDB DEFAULT CHARSET=latin1;

--
-- Дамп данных таблицы `admin_users`
--

INSERT INTO `admin_users` (`id`, `name`, `mobile`, `dob`, `email`, `password`, `fake_pass`, `profile_photo`, `status`, `is_verified`, `login_count`, `created`, `modified`) VALUES
(9, 'Nakul Jain', '+1234567890', '2000-02-01', 'nakul.jain@dotsquares.com', '$2y$10$GB9J4xGBvNMwFptE1zb3Ce5.Pm1QygF6foEOnljzwlvGC5fyMexim', '|fO9TS/:7e{[s$', 'uploads/dots-.png', 1, 1, 130, '1994-09-25 12:35:14', '2018-11-21 13:23:24');

-- --------------------------------------------------------

--
-- Структура таблицы `admin_users_roles`
--

CREATE TABLE `admin_users_roles` (
  `id` int(11) NOT NULL,
  `role_id` int(5) NOT NULL,
  `admin_user_id` int(11) NOT NULL
) ENGINE=InnoDB DEFAULT CHARSET=latin1;

--
-- Дамп данных таблицы `admin_users_roles`
--

INSERT INTO `admin_users_roles` (`id`, `role_id`, `admin_user_id`) VALUES
(1, 1, 1),
(2, 1, 2),
(3, 1, 3),
(4, 2, 4),
(5, 1, 5),
(7, 1, 7),
(8, 1, 8),
(9, 1, 9),
(10, 1, 10);

-- --------------------------------------------------------

--
-- Структура таблицы `admin_user_manager_phinxlog`
--

CREATE TABLE `admin_user_manager_phinxlog` (
  `version` bigint(20) NOT NULL,
  `migration_name` varchar(100) DEFAULT NULL,
  `start_time` timestamp NULL DEFAULT NULL,
  `end_time` timestamp NULL DEFAULT NULL,
  `breakpoint` tinyint(1) NOT NULL DEFAULT '0'
) ENGINE=InnoDB DEFAULT CHARSET=utf8;

--
-- Дамп данных таблицы `admin_user_manager_phinxlog`
--

INSERT INTO `admin_user_manager_phinxlog` (`version`, `migration_name`, `start_time`, `end_time`, `breakpoint`) VALUES
(20171222172507, 'CreateRoles', '2018-06-26 05:16:52', '2018-06-26 05:16:52', 0),
(20171222174928, 'CreateAdminUsers', '2018-06-26 05:16:52', '2018-06-26 05:16:52', 0),
(20171222175250, 'CreateAdminUsersRoles', '2018-06-26 05:16:53', '2018-06-26 05:16:53', 0),
(20171223170901, 'AddFakePassToAdminUsers', '2018-06-26 05:16:53', '2018-06-26 05:16:53', 0),
(20180312140710, 'CreateUserTokens', '2018-06-26 05:16:53', '2018-06-26 05:16:53', 0),
(20180417095907, 'AddIsDefaultToRoles', '2018-06-26 05:16:53', '2018-06-26 05:16:54', 0);

-- --------------------------------------------------------

--
-- Структура таблицы `artists`
--

CREATE TABLE `artists` (
  `id` int(11) NOT NULL,
  `name` varchar(255) CHARACTER SET utf8 NOT NULL,
  `status` tinyint(1) NOT NULL,
  `created` datetime NOT NULL,
  `modified` datetime NOT NULL
) ENGINE=InnoDB DEFAULT CHARSET=latin1;

--
-- Дамп данных таблицы `artists`
--

INSERT INTO `artists` (`id`, `name`, `status`, `created`, `modified`) VALUES
(47, '2 Chainz', 1, '2019-01-29 23:09:42', '2019-01-29 23:09:42'),
(48, '21 Savage', 1, '2019-01-29 23:09:42', '2019-01-29 23:09:42'),
(49, '5 Seconds Of Summer', 1, '2019-01-29 23:09:42', '2019-01-29 23:09:42'),
(50, '6ix9ine', 1, '2019-01-29 23:09:42', '2019-01-29 23:09:42'),
(51, '6LACK', 1, '2019-01-29 23:09:42', '2019-01-29 23:09:42'),
(52, 'ABBA', 1, '2019-01-29 23:09:42', '2019-01-29 23:09:42'),
(53, 'ABC', 1, '2019-01-29 23:09:42', '2019-01-29 23:09:42'),
(54, 'Action Bronson', 1, '2019-01-29 23:09:42', '2019-01-29 23:09:42'),
(55, 'Adele', 1, '2019-01-29 23:09:42', '2019-01-29 23:09:42'),
(56, 'Aerosmith', 1, '2019-01-29 23:09:42', '2019-01-29 23:09:42'),
(57, 'Agnetha Fältskog', 1, '2019-01-29 23:09:42', '2019-01-29 23:09:42'),
(58, 'Alan Jackson', 1, '2019-01-29 23:09:42', '2019-01-29 23:09:42'),
(59, 'Alan Walker', 1, '2019-01-29 23:09:42', '2019-01-29 23:09:42'),
(60, 'Albert King', 1, '2019-01-29 23:09:42', '2019-01-29 23:09:42'),
(61, 'Alice Cooper', 1, '2019-01-29 23:09:42', '2019-01-29 23:09:42'),
(62, 'Alison Krauss', 1, '2019-01-29 23:09:42', '2019-01-29 23:09:42'),
(63, 'Amy Winehouse', 1, '2019-01-29 23:09:42', '2019-01-29 23:09:42'),
(64, 'Andre Rieu', 1, '2019-01-29 23:09:42', '2019-01-29 23:09:42'),
(65, 'Andrea Bocelli', 1, '2019-01-29 23:09:42', '2019-01-29 23:09:42'),
(66, 'Andrew W.K.', 1, '2019-01-29 23:09:42', '2019-01-29 23:09:42'),
(67, 'Anne-Marie', 1, '2019-01-29 23:09:42', '2019-01-29 23:09:42'),
(68, 'Anthrax', 1, '2019-01-29 23:09:42', '2019-01-29 23:09:42'),
(69, 'Antonio Carlos Jobim', 1, '2019-01-29 23:09:42', '2019-01-29 23:09:42'),
(70, 'Apache Indian', 1, '2019-01-29 23:09:42', '2019-01-29 23:09:42'),
(71, 'Arcade Fire', 1, '2019-01-29 23:09:42', '2019-01-29 23:09:42'),
(72, 'Ariana Grande', 1, '2019-01-29 23:09:42', '2019-01-29 23:09:42'),
(73, 'Arrested Development', 1, '2019-01-29 23:09:42', '2019-01-29 23:09:42'),
(74, 'ASH', 1, '2019-01-29 23:09:42', '2019-01-29 23:09:42'),
(75, 'Ashley Campbell', 1, '2019-01-29 23:09:42', '2019-01-29 23:09:42'),
(76, 'Astrud Gilberto', 1, '2019-01-29 23:09:42', '2019-01-29 23:09:42'),
(77, 'Aswad', 1, '2019-01-29 23:09:42', '2019-01-29 23:09:42'),
(78, 'Avicii', 1, '2019-01-29 23:09:42', '2019-01-29 23:09:42'),
(79, 'Bad Bunny', 1, '2019-01-29 23:09:42', '2019-01-29 23:09:42'),
(80, 'Badfinger', 1, '2019-01-29 23:09:42', '2019-01-29 23:09:42'),
(81, 'Barclay James Harvest', 1, '2019-01-29 23:09:42', '2019-01-29 23:09:42'),
(82, 'Barry White', 1, '2019-01-29 23:09:42', '2019-01-29 23:09:42'),
(83, 'Bastille', 1, '2019-01-29 23:09:42', '2019-01-29 23:09:42'),
(84, 'Beastie Boys', 1, '2019-01-29 23:09:42', '2019-01-29 23:09:42'),
(85, 'Bebe Rexha', 1, '2019-01-29 23:09:42', '2019-01-29 23:09:42'),
(86, 'Beck', 1, '2019-01-29 23:09:42', '2019-01-29 23:09:42'),
(87, 'Becky G', 1, '2019-01-29 23:09:42', '2019-01-29 23:09:42'),
(88, 'Bee Gees', 1, '2019-01-29 23:09:42', '2019-01-29 23:09:42'),
(89, 'Belinda Carlisle', 1, '2019-01-29 23:09:42', '2019-01-29 23:09:42'),
(90, 'Ben Harper', 1, '2019-01-29 23:09:42', '2019-01-29 23:09:42'),
(91, 'Ben Howard', 1, '2019-01-29 23:09:42', '2019-01-29 23:09:42'),
(92, 'Ben l\'Oncle Soul', 1, '2019-01-29 23:09:42', '2019-01-29 23:09:42'),
(93, 'Benny Andersson', 1, '2019-01-29 23:09:42', '2019-01-29 23:09:42'),
(94, 'Benny Blanco', 1, '2019-01-29 23:09:42', '2019-01-29 23:09:42'),
(95, 'Beyoncé', 1, '2019-01-29 23:09:42', '2019-01-29 23:09:42'),
(96, 'Big Country', 1, '2019-01-29 23:09:42', '2019-01-29 23:09:42'),
(97, 'Big Sean', 1, '2019-01-29 23:09:42', '2019-01-29 23:09:42'),
(98, 'Big Star', 1, '2019-01-29 23:09:42', '2019-01-29 23:09:42'),
(99, 'Bill Evans', 1, '2019-01-29 23:09:42', '2019-01-29 23:09:42'),
(100, 'Billie Eilish', 1, '2019-01-29 23:09:42', '2019-01-29 23:09:42'),
(101, 'Billie Holiday', 1, '2019-01-29 23:09:42', '2019-01-29 23:09:42'),
(102, 'Billy Currington', 1, '2019-01-29 23:09:42', '2019-01-29 23:09:42'),
(103, 'Billy Fury', 1, '2019-01-29 23:09:42', '2019-01-29 23:09:42'),
(104, 'Billy Preston', 1, '2019-01-29 23:09:42', '2019-01-29 23:09:42'),
(105, 'Björk', 1, '2019-01-29 23:09:42', '2019-01-29 23:09:42'),
(106, 'Black Eyed Peas', 1, '2019-01-29 23:09:42', '2019-01-29 23:09:42'),
(107, 'Black Pink', 1, '2019-01-29 23:09:42', '2019-01-29 23:09:42'),
(108, 'Black Sabbath', 1, '2019-01-29 23:09:42', '2019-01-29 23:09:42'),
(109, 'Black Uhuru', 1, '2019-01-29 23:09:42', '2019-01-29 23:09:42'),
(110, 'Blind Faith', 1, '2019-01-29 23:09:42', '2019-01-29 23:09:42'),
(111, 'Blink-182', 1, '2019-01-29 23:09:42', '2019-01-29 23:09:42'),
(112, 'Blondie', 1, '2019-01-29 23:09:42', '2019-01-29 23:09:42'),
(113, 'Blue Cheer', 1, '2019-01-29 23:09:42', '2019-01-29 23:09:42'),
(114, 'Bo Diddley', 1, '2019-01-29 23:09:42', '2019-01-29 23:09:42'),
(115, 'Bob Dylan', 1, '2019-01-29 23:09:42', '2019-01-29 23:09:42'),
(116, 'Bob Marley', 1, '2019-01-29 23:09:42', '2019-01-29 23:09:42'),
(117, 'Bon Jovi', 1, '2019-01-29 23:09:42', '2019-01-29 23:09:42'),
(118, 'Bonnie Raitt', 1, '2019-01-29 23:09:42', '2019-01-29 23:09:42'),
(119, 'Booker T', 1, '2019-01-29 23:09:42', '2019-01-29 23:09:42'),
(120, 'Boyz II Men', 1, '2019-01-29 23:09:42', '2019-01-29 23:09:42'),
(121, 'Bradley Cooper', 1, '2019-01-29 23:09:42', '2019-01-29 23:09:42'),
(122, 'Brantley Gilbert', 1, '2019-01-29 23:09:42', '2019-01-29 23:09:42'),
(123, 'Brenda Holloway', 1, '2019-01-29 23:09:42', '2019-01-29 23:09:42'),
(124, 'Brett Young', 1, '2019-01-29 23:09:42', '2019-01-29 23:09:42'),
(125, 'Brian Eno', 1, '2019-01-29 23:09:42', '2019-01-29 23:09:42'),
(126, 'Bruce Springsteen', 1, '2019-01-29 23:09:42', '2019-01-29 23:09:42'),
(127, 'Bruno Mars', 1, '2019-01-29 23:09:42', '2019-01-29 23:09:42'),
(128, 'Bryan Adams', 1, '2019-01-29 23:09:42', '2019-01-29 23:09:42'),
(129, 'Bryan Ferry', 1, '2019-01-29 23:09:42', '2019-01-29 23:09:42'),
(130, 'Bryce Vine', 1, '2019-01-29 23:09:42', '2019-01-29 23:09:42'),
(131, 'Buddy Guy', 1, '2019-01-29 23:09:42', '2019-01-29 23:09:42'),
(132, 'Buddy Holly', 1, '2019-01-29 23:09:42', '2019-01-29 23:09:42'),
(133, 'Burning Spear', 1, '2019-01-29 23:09:42', '2019-01-29 23:09:42'),
(134, 'Burt Bacharach', 1, '2019-01-29 23:09:42', '2019-01-29 23:09:42'),
(135, 'Calvin Harris', 1, '2019-01-29 23:09:42', '2019-01-29 23:09:42'),
(136, 'Camel', 1, '2019-01-29 23:09:42', '2019-01-29 23:09:42'),
(137, 'Camila Cabello', 1, '2019-01-29 23:09:42', '2019-01-29 23:09:42'),
(138, 'Canned Heat', 1, '2019-01-29 23:09:42', '2019-01-29 23:09:42'),
(139, 'Captain Beefheart', 1, '2019-01-29 23:09:42', '2019-01-29 23:09:42'),
(140, 'Caravan', 1, '2019-01-29 23:09:42', '2019-01-29 23:09:42'),
(141, 'Cardi B', 1, '2019-01-29 23:09:42', '2019-01-29 23:09:42'),
(142, 'Carpenters', 1, '2019-01-29 23:09:42', '2019-01-29 23:09:42'),
(143, 'Cat Stevens', 1, '2019-01-29 23:09:42', '2019-01-29 23:09:42'),
(144, 'Chance The Rapper', 1, '2019-01-29 23:09:42', '2019-01-29 23:09:42'),
(145, 'Charlie Parker', 1, '2019-01-29 23:09:42', '2019-01-29 23:09:42'),
(146, 'Charlie Puth', 1, '2019-01-29 23:09:42', '2019-01-29 23:09:42'),
(147, 'Cheap Trick', 1, '2019-01-29 23:09:42', '2019-01-29 23:09:42'),
(148, 'Cher', 1, '2019-01-29 23:09:42', '2019-01-29 23:09:42'),
(149, 'Chet Faker', 1, '2019-01-29 23:09:42', '2019-01-29 23:09:42'),
(150, 'Childish Gambino', 1, '2019-01-29 23:09:42', '2019-01-29 23:09:42'),
(151, 'Chris Brown', 1, '2019-01-29 23:09:42', '2019-01-29 23:09:42'),
(152, 'Chris Cornell', 1, '2019-01-29 23:09:42', '2019-01-29 23:09:42'),
(153, 'Chris Stapleton', 1, '2019-01-29 23:09:42', '2019-01-29 23:09:42'),
(154, 'Chuck Berry', 1, '2019-01-29 23:09:42', '2019-01-29 23:09:42'),
(155, 'Cinderella', 1, '2019-01-29 23:09:42', '2019-01-29 23:09:42'),
(156, 'Clean Bandit', 1, '2019-01-29 23:09:42', '2019-01-29 23:09:42'),
(157, 'Climax Blues Band', 1, '2019-01-29 23:09:42', '2019-01-29 23:09:42'),
(158, 'Coldplay', 1, '2019-01-29 23:09:42', '2019-01-29 23:09:42'),
(159, 'Coleman Hawkins', 1, '2019-01-29 23:09:42', '2019-01-29 23:09:42'),
(160, 'Common', 1, '2019-01-29 23:09:42', '2019-01-29 23:09:42'),
(161, 'Corinne Bailey Rae', 1, '2019-01-29 23:09:42', '2019-01-29 23:09:42'),
(162, 'Count Basie', 1, '2019-01-29 23:09:42', '2019-01-29 23:09:42'),
(163, 'Counting Crows', 1, '2019-01-29 23:09:42', '2019-01-29 23:09:42'),
(164, 'Craig Armstrong', 1, '2019-01-29 23:09:42', '2019-01-29 23:09:42'),
(165, 'Cream', 1, '2019-01-29 23:09:42', '2019-01-29 23:09:42'),
(166, 'Creedence Clearwater Revival', 1, '2019-01-29 23:09:42', '2019-01-29 23:09:42'),
(167, 'Crowded House', 1, '2019-01-29 23:09:42', '2019-01-29 23:09:42'),
(168, 'Culture Club', 1, '2019-01-29 23:09:42', '2019-01-29 23:09:42'),
(169, 'Cutting Crew', 1, '2019-01-29 23:09:42', '2019-01-29 23:09:42'),
(170, 'Cypress Hill', 1, '2019-01-29 23:09:42', '2019-01-29 23:09:42'),
(171, 'Daddy Yankee', 1, '2019-01-29 23:09:42', '2019-01-29 23:09:42'),
(172, 'Dan + Shay', 1, '2019-01-29 23:09:42', '2019-01-29 23:09:42'),
(173, 'Daniel Hope', 1, '2019-01-29 23:09:42', '2019-01-29 23:09:42'),
(174, 'Danny Wilson & Gary Clark', 1, '2019-01-29 23:09:42', '2019-01-29 23:09:42'),
(175, 'David Bowie', 1, '2019-01-29 23:09:42', '2019-01-29 23:09:42'),
(176, 'David Guetta', 1, '2019-01-29 23:09:42', '2019-01-29 23:09:42'),
(177, 'Dean Martin', 1, '2019-01-29 23:09:42', '2019-01-29 23:09:42'),
(178, 'Debarge', 1, '2019-01-29 23:09:42', '2019-01-29 23:09:42'),
(179, 'Deep Purple', 1, '2019-01-29 23:09:42', '2019-01-29 23:09:42'),
(180, 'Def Leppard', 1, '2019-01-29 23:09:42', '2019-01-29 23:09:42'),
(181, 'Demi Lovato', 1, '2019-01-29 23:09:42', '2019-01-29 23:09:42'),
(182, 'Demis Roussos', 1, '2019-01-29 23:09:42', '2019-01-29 23:09:42'),
(183, 'Dennis Lloyd', 1, '2019-01-29 23:09:42', '2019-01-29 23:09:42'),
(184, 'Derek And The Dominos', 1, '2019-01-29 23:09:42', '2019-01-29 23:09:42'),
(185, 'Desmond Dekker', 1, '2019-01-29 23:09:42', '2019-01-29 23:09:42'),
(186, 'Diana Krall', 1, '2019-01-29 23:09:42', '2019-01-29 23:09:42'),
(187, 'Diana Ross', 1, '2019-01-29 23:09:42', '2019-01-29 23:09:42'),
(188, 'Diana Ross & The Supremes', 1, '2019-01-29 23:09:42', '2019-01-29 23:09:42'),
(189, 'Dierks Bentley', 1, '2019-01-29 23:09:42', '2019-01-29 23:09:42'),
(190, 'Dinah Washington', 1, '2019-01-29 23:09:43', '2019-01-29 23:09:43'),
(191, 'Dio', 1, '2019-01-29 23:09:43', '2019-01-29 23:09:43'),
(192, 'Diplo', 1, '2019-01-29 23:09:43', '2019-01-29 23:09:43'),
(193, 'Dire Straits', 1, '2019-01-29 23:09:43', '2019-01-29 23:09:43'),
(194, 'Disclosure', 1, '2019-01-29 23:09:43', '2019-01-29 23:09:43'),
(195, 'Discloure', 1, '2019-01-29 23:09:43', '2019-01-29 23:09:43'),
(196, 'Disturbed', 1, '2019-01-29 23:09:43', '2019-01-29 23:09:43'),
(197, 'DJ Khaled', 1, '2019-01-29 23:09:43', '2019-01-29 23:09:43'),
(198, 'DJ Snake', 1, '2019-01-29 23:09:43', '2019-01-29 23:09:43'),
(199, 'DMX', 1, '2019-01-29 23:09:43', '2019-01-29 23:09:43'),
(200, 'Don Henley', 1, '2019-01-29 23:09:43', '2019-01-29 23:09:43'),
(201, 'Donna Summer', 1, '2019-01-29 23:09:43', '2019-01-29 23:09:43'),
(202, 'Dr Dre', 1, '2019-01-29 23:09:43', '2019-01-29 23:09:43'),
(203, 'Drake', 1, '2019-01-29 23:09:43', '2019-01-29 23:09:43'),
(204, 'Dua Lipa', 1, '2019-01-29 23:09:43', '2019-01-29 23:09:43'),
(205, 'Duke Ellington', 1, '2019-01-29 23:09:43', '2019-01-29 23:09:43'),
(206, 'Dusty Springfield', 1, '2019-01-29 23:09:43', '2019-01-29 23:09:43'),
(207, 'Eagles', 1, '2019-01-29 23:09:43', '2019-01-29 23:09:43'),
(208, 'Eagles Of Death Metal', 1, '2019-01-29 23:09:43', '2019-01-29 23:09:43'),
(209, 'Eazy-E', 1, '2019-01-29 23:09:43', '2019-01-29 23:09:43'),
(210, 'Ed Sheeran', 1, '2019-01-29 23:09:43', '2019-01-29 23:09:43'),
(211, 'Eddie Cochran', 1, '2019-01-29 23:09:43', '2019-01-29 23:09:43'),
(212, 'EELS', 1, '2019-01-29 23:09:43', '2019-01-29 23:09:43'),
(213, 'Elbow', 1, '2019-01-29 23:09:43', '2019-01-29 23:09:43'),
(214, 'Ella Fitzgerald', 1, '2019-01-29 23:09:43', '2019-01-29 23:09:43'),
(215, 'Ellie Goulding', 1, '2019-01-29 23:09:43', '2019-01-29 23:09:43'),
(216, 'Elliott Smith', 1, '2019-01-29 23:09:43', '2019-01-29 23:09:43'),
(217, 'Elton John', 1, '2019-01-29 23:09:43', '2019-01-29 23:09:43'),
(218, 'Elvis Costello', 1, '2019-01-29 23:09:43', '2019-01-29 23:09:43'),
(219, 'Elvis Presley', 1, '2019-01-29 23:09:43', '2019-01-29 23:09:43'),
(220, 'Emeli Sandé', 1, '2019-01-29 23:09:43', '2019-01-29 23:09:43'),
(221, 'Eminem', 1, '2019-01-29 23:09:43', '2019-01-29 23:09:43'),
(222, 'Enigma', 1, '2019-01-29 23:09:43', '2019-01-29 23:09:43'),
(223, 'EPMD', 1, '2019-01-29 23:09:43', '2019-01-29 23:09:43'),
(224, 'Eric B. & Rakim', 1, '2019-01-29 23:09:43', '2019-01-29 23:09:43'),
(225, 'Eric Church', 1, '2019-01-29 23:09:43', '2019-01-29 23:09:43'),
(226, 'Eric Clapton', 1, '2019-01-29 23:09:43', '2019-01-29 23:09:43'),
(227, 'Etta James', 1, '2019-01-29 23:09:43', '2019-01-29 23:09:43'),
(228, 'Evanescence', 1, '2019-01-29 23:09:43', '2019-01-29 23:09:43'),
(229, 'Eve', 1, '2019-01-29 23:09:43', '2019-01-29 23:09:43'),
(230, 'Extreme', 1, '2019-01-29 23:09:43', '2019-01-29 23:09:43'),
(231, 'Fkj', 1, '2019-01-29 23:09:43', '2019-01-29 23:09:43'),
(232, 'flora cash', 1, '2019-01-29 23:09:43', '2019-01-29 23:09:43'),
(233, 'Foster The People', 1, '2019-01-29 23:09:43', '2019-01-29 23:09:43'),
(234, 'French Montana', 1, '2019-01-29 23:09:43', '2019-01-29 23:09:43'),
(235, 'Future', 1, '2019-01-29 23:09:43', '2019-01-29 23:09:43'),
(236, 'G Eazy', 1, '2019-01-29 23:09:43', '2019-01-29 23:09:43'),
(237, 'Gang Starr', 1, '2019-01-29 23:09:43', '2019-01-29 23:09:43'),
(238, 'Gary Moore', 1, '2019-01-29 23:09:43', '2019-01-29 23:09:43'),
(239, 'Gene Krupa', 1, '2019-01-29 23:09:43', '2019-01-29 23:09:43'),
(240, 'Gene Vincent', 1, '2019-01-29 23:09:43', '2019-01-29 23:09:43'),
(241, 'Genesis', 1, '2019-01-29 23:09:43', '2019-01-29 23:09:43'),
(242, 'Gentle Giant', 1, '2019-01-29 23:09:43', '2019-01-29 23:09:43'),
(243, 'George Benson', 1, '2019-01-29 23:09:43', '2019-01-29 23:09:43'),
(244, 'George Harrison', 1, '2019-01-29 23:09:43', '2019-01-29 23:09:43'),
(245, 'George Michael', 1, '2019-01-29 23:09:43', '2019-01-29 23:09:43'),
(246, 'George Strait', 1, '2019-01-29 23:09:43', '2019-01-29 23:09:43'),
(247, 'George Thorogood', 1, '2019-01-29 23:09:43', '2019-01-29 23:09:43'),
(248, 'Georgie Fame', 1, '2019-01-29 23:09:43', '2019-01-29 23:09:43'),
(249, 'Ghostface Killah', 1, '2019-01-29 23:09:43', '2019-01-29 23:09:43'),
(250, 'Gigi D\'Agostino', 1, '2019-01-29 23:09:43', '2019-01-29 23:09:43'),
(251, 'Ginger Baker', 1, '2019-01-29 23:09:43', '2019-01-29 23:09:43'),
(252, 'Glen Campbell', 1, '2019-01-29 23:09:43', '2019-01-29 23:09:43'),
(253, 'Gong', 1, '2019-01-29 23:09:43', '2019-01-29 23:09:43'),
(254, 'Grace', 1, '2019-01-29 23:09:43', '2019-01-29 23:09:43'),
(255, 'Grace Jones', 1, '2019-01-29 23:09:43', '2019-01-29 23:09:43'),
(256, 'Graham Parker', 1, '2019-01-29 23:09:43', '2019-01-29 23:09:43'),
(257, 'Grand Funk Railroad', 1, '2019-01-29 23:09:43', '2019-01-29 23:09:43'),
(258, 'Gregory Isaacs', 1, '2019-01-29 23:09:43', '2019-01-29 23:09:43'),
(259, 'Gregory Porter', 1, '2019-01-29 23:09:43', '2019-01-29 23:09:43'),
(260, 'Gucci Mane', 1, '2019-01-29 23:09:43', '2019-01-29 23:09:43'),
(261, 'Guns N Roses', 1, '2019-01-29 23:09:43', '2019-01-29 23:09:43'),
(262, 'Gwen Stefani', 1, '2019-01-29 23:09:43', '2019-01-29 23:09:43'),
(263, 'Halsey', 1, '2019-01-29 23:09:43', '2019-01-29 23:09:43'),
(264, 'Hank Williams', 1, '2019-01-29 23:09:43', '2019-01-29 23:09:43'),
(265, 'Heart', 1, '2019-01-29 23:09:43', '2019-01-29 23:09:43'),
(266, 'Heaven 17', 1, '2019-01-29 23:09:43', '2019-01-29 23:09:43'),
(267, 'Helmet', 1, '2019-01-29 23:09:43', '2019-01-29 23:09:43'),
(268, 'Herbie Hancock', 1, '2019-01-29 23:09:43', '2019-01-29 23:09:43'),
(269, 'Holly Henry', 1, '2019-01-29 23:09:43', '2019-01-29 23:09:43'),
(270, 'Hoobastank', 1, '2019-01-29 23:09:43', '2019-01-29 23:09:43'),
(271, 'Howlin Wolf', 1, '2019-01-29 23:09:43', '2019-01-29 23:09:43'),
(272, 'Hoyt Axton', 1, '2019-01-29 23:09:43', '2019-01-29 23:09:43'),
(273, 'Huey Lewis & The News', 1, '2019-01-29 23:09:43', '2019-01-29 23:09:43'),
(274, 'Humble Pie', 1, '2019-01-29 23:09:43', '2019-01-29 23:09:43'),
(275, 'Ice Cube', 1, '2019-01-29 23:09:43', '2019-01-29 23:09:43'),
(276, 'Iggy Pop', 1, '2019-01-29 23:09:43', '2019-01-29 23:09:43'),
(277, 'Imagine Dragons', 1, '2019-01-29 23:09:43', '2019-01-29 23:09:43'),
(278, 'INXS', 1, '2019-01-29 23:09:43', '2019-01-29 23:09:43'),
(279, 'Iron Maiden', 1, '2019-01-29 23:09:43', '2019-01-29 23:09:43'),
(280, 'Isaac Hayes', 1, '2019-01-29 23:09:43', '2019-01-29 23:09:43'),
(281, 'Isacc Chambers', 1, '2019-01-29 23:09:43', '2019-01-29 23:09:43'),
(282, 'It Bites', 1, '2019-01-29 23:09:43', '2019-01-29 23:09:43'),
(283, 'Itis Stacks', 1, '2019-01-29 23:09:43', '2019-01-29 23:09:43'),
(284, 'J Balvin', 1, '2019-01-29 23:09:43', '2019-01-29 23:09:43'),
(285, 'J.Cole', 1, '2019-01-29 23:09:43', '2019-01-29 23:09:43'),
(286, 'J.J. Cale', 1, '2019-01-29 23:09:43', '2019-01-29 23:09:43'),
(287, 'Jack Bruce', 1, '2019-01-29 23:09:43', '2019-01-29 23:09:43'),
(288, 'Jack Johnson', 1, '2019-01-29 23:09:43', '2019-01-29 23:09:43'),
(289, 'Jackson 5', 1, '2019-01-29 23:09:43', '2019-01-29 23:09:43'),
(290, 'Jacob Lee', 1, '2019-01-29 23:09:43', '2019-01-29 23:09:43'),
(291, 'Jacques Brel', 1, '2019-01-29 23:09:43', '2019-01-29 23:09:43'),
(292, 'Jadakiss', 1, '2019-01-29 23:09:43', '2019-01-29 23:09:43'),
(293, 'James', 1, '2019-01-29 23:09:43', '2019-01-29 23:09:43'),
(294, 'James Arthur', 1, '2019-01-29 23:09:43', '2019-01-29 23:09:43'),
(295, 'James Bay', 1, '2019-01-29 23:09:43', '2019-01-29 23:09:43'),
(296, 'James Blake', 1, '2019-01-29 23:09:43', '2019-01-29 23:09:43'),
(297, 'James Brown', 1, '2019-01-29 23:09:43', '2019-01-29 23:09:43'),
(298, 'James Morrison', 1, '2019-01-29 23:09:43', '2019-01-29 23:09:43'),
(299, 'James Taylor', 1, '2019-01-29 23:09:43', '2019-01-29 23:09:43'),
(300, 'Janes Addiction', 1, '2019-01-29 23:09:43', '2019-01-29 23:09:43'),
(301, 'Janet Jackson', 1, '2019-01-29 23:09:43', '2019-01-29 23:09:43'),
(302, 'Japan & David Sylvian', 1, '2019-01-29 23:09:43', '2019-01-29 23:09:43'),
(303, 'Jason Aldean', 1, '2019-01-29 23:09:43', '2019-01-29 23:09:43'),
(304, 'Jason Derulo', 1, '2019-01-29 23:09:43', '2019-01-29 23:09:43'),
(305, 'Jay Rock', 1, '2019-01-29 23:09:43', '2019-01-29 23:09:43'),
(307, 'Jay-Z', 1, '2019-01-29 23:09:43', '2019-02-15 05:49:11'),
(308, 'Jeru the Damaja', 1, '2019-01-29 23:09:43', '2019-01-29 23:09:43'),
(309, 'Jess Glynne', 1, '2019-01-29 23:09:43', '2019-01-29 23:09:43'),
(310, 'Jessie J', 1, '2019-01-29 23:09:43', '2019-01-29 23:09:43'),
(311, 'Jessie Reyez', 1, '2019-01-29 23:09:43', '2019-01-29 23:09:43'),
(312, 'Jimi Hendrix', 1, '2019-01-29 23:09:43', '2019-01-29 23:09:43'),
(313, 'Jimmy Buffett', 1, '2019-01-29 23:09:43', '2019-01-29 23:09:43'),
(314, 'Jimmy Cliff', 1, '2019-01-29 23:09:43', '2019-01-29 23:09:43'),
(315, 'Jimmy Eat World', 1, '2019-01-29 23:09:43', '2019-01-29 23:09:43'),
(316, 'Jimmy Ruffin', 1, '2019-01-29 23:09:43', '2019-01-29 23:09:43'),
(317, 'Jimmy Smith', 1, '2019-01-29 23:09:43', '2019-01-29 23:09:43'),
(318, 'Joan Armatrading', 1, '2019-01-29 23:09:43', '2019-01-29 23:09:43'),
(319, 'Joan Baez', 1, '2019-01-29 23:09:43', '2019-01-29 23:09:43'),
(320, 'Joe Cocker', 1, '2019-01-29 23:09:43', '2019-01-29 23:09:43'),
(321, 'Joe Jackson', 1, '2019-01-29 23:09:43', '2019-01-29 23:09:43'),
(322, 'Joe Sample', 1, '2019-01-29 23:09:43', '2019-01-29 23:09:43'),
(323, 'Joe Walsh / The James Gang', 1, '2019-01-29 23:09:43', '2019-01-29 23:09:43'),
(324, 'John Coltrane', 1, '2019-01-29 23:09:43', '2019-01-29 23:09:43'),
(325, 'John Fogerty', 1, '2019-01-29 23:09:43', '2019-01-29 23:09:43'),
(326, 'John Lee Hooker', 1, '2019-01-29 23:09:43', '2019-01-29 23:09:43'),
(327, 'John Legend', 1, '2019-01-29 23:09:43', '2019-01-29 23:09:43'),
(328, 'John Lennon', 1, '2019-01-29 23:09:43', '2019-01-29 23:09:43'),
(329, 'John Martyn', 1, '2019-01-29 23:09:43', '2019-01-29 23:09:43'),
(330, 'John Mayall', 1, '2019-01-29 23:09:43', '2019-01-29 23:09:43'),
(331, 'John Mellencamp', 1, '2019-01-29 23:09:43', '2019-01-29 23:09:43'),
(332, 'John Williams', 1, '2019-01-29 23:09:43', '2019-01-29 23:09:43'),
(333, 'Johnny Cash', 1, '2019-01-29 23:09:43', '2019-01-29 23:09:43'),
(334, 'Johnny Gill', 1, '2019-01-29 23:09:43', '2019-01-29 23:09:43'),
(335, 'Jonas Blue', 1, '2019-01-29 23:09:43', '2019-01-29 23:09:43'),
(336, 'Joni Mitchell', 1, '2019-01-29 23:09:43', '2019-01-29 23:09:43'),
(337, 'Jonny Lang', 1, '2019-01-29 23:09:43', '2019-01-29 23:09:43'),
(338, 'Jorja Smith', 1, '2019-01-29 23:09:43', '2019-01-29 23:09:43'),
(339, 'Joss Stone', 1, '2019-01-29 23:09:43', '2019-01-29 23:09:43'),
(340, 'Jr. Walker & The All Stars', 1, '2019-01-29 23:09:43', '2019-01-29 23:09:43'),
(341, 'Juice WRLD', 1, '2019-01-29 23:09:43', '2019-01-29 23:09:43'),
(342, 'Julia Michaels', 1, '2019-01-29 23:09:43', '2019-01-29 23:09:43'),
(343, 'Julie London', 1, '2019-01-29 23:09:43', '2019-01-29 23:09:43'),
(344, 'Jurassic 5', 1, '2019-01-29 23:09:43', '2019-01-29 23:09:43'),
(345, 'Justin Bieber', 1, '2019-01-29 23:09:43', '2019-01-29 23:09:43'),
(346, 'Justin Timberlake', 1, '2019-01-29 23:09:43', '2019-01-29 23:09:43'),
(347, 'Kacey Musgraves', 1, '2019-01-29 23:09:43', '2019-01-29 23:09:43'),
(348, 'Kadebostany', 1, '2019-01-29 23:09:43', '2019-01-29 23:09:43'),
(349, 'Kaiser Chiefs', 1, '2019-01-29 23:09:43', '2019-01-29 23:09:43'),
(350, 'Kaleo', 1, '2019-01-29 23:09:43', '2019-01-29 23:09:43'),
(351, 'Kanye West', 1, '2019-01-29 23:09:43', '2019-01-29 23:09:43'),
(352, 'Kate Bush', 1, '2019-01-29 23:09:43', '2019-01-29 23:09:43'),
(353, 'Katy Perry', 1, '2019-01-29 23:09:43', '2019-01-29 23:09:43'),
(354, 'Keane', 1, '2019-01-29 23:09:43', '2019-01-29 23:09:43'),
(355, 'Keith Jarrett', 1, '2019-01-29 23:09:43', '2019-01-29 23:09:43'),
(356, 'Keith Richards', 1, '2019-01-29 23:09:43', '2019-01-29 23:09:43'),
(357, 'Keith Urban', 1, '2019-01-29 23:09:43', '2019-01-29 23:09:43'),
(358, 'Kendrick Lamar', 1, '2019-01-29 23:09:43', '2019-01-29 23:09:43'),
(359, 'Kenny Burrell', 1, '2019-01-29 23:09:43', '2019-01-29 23:09:43'),
(360, 'Kevin Coyne', 1, '2019-01-29 23:09:43', '2019-01-29 23:09:43'),
(361, 'Kid Cudi', 1, '2019-01-29 23:09:43', '2019-01-29 23:09:43'),
(362, 'Killing Joke', 1, '2019-01-29 23:09:43', '2019-01-29 23:09:43'),
(363, 'Kim Carnes', 1, '2019-01-29 23:09:43', '2019-01-29 23:09:43'),
(364, 'Kip Moore', 1, '2019-01-29 23:09:43', '2019-01-29 23:09:43'),
(365, 'Kiss', 1, '2019-01-29 23:09:43', '2019-01-29 23:09:43'),
(366, 'Kodak Black', 1, '2019-01-29 23:09:43', '2019-01-29 23:09:43'),
(367, 'Kool And The Gang', 1, '2019-01-29 23:09:43', '2019-01-29 23:09:43'),
(368, 'Korn', 1, '2019-01-29 23:09:43', '2019-01-29 23:09:43'),
(369, 'Kygo', 1, '2019-01-29 23:09:43', '2019-01-29 23:09:43'),
(370, 'KYLE', 1, '2019-01-29 23:09:43', '2019-01-29 23:09:43'),
(371, 'Labrinth', 1, '2019-01-29 23:09:43', '2019-01-29 23:09:43'),
(372, 'Lady Antebellum', 1, '2019-01-29 23:09:43', '2019-01-29 23:09:43'),
(373, 'Lady Gaga', 1, '2019-01-29 23:09:43', '2019-01-29 23:09:43'),
(374, 'Lana Del Rey', 1, '2019-01-29 23:09:43', '2019-01-29 23:09:43'),
(375, 'Laura Marling', 1, '2019-01-29 23:09:43', '2019-01-29 23:09:43'),
(376, 'Lauv', 1, '2019-01-29 23:09:43', '2019-01-29 23:09:43'),
(377, 'Led Zeppelin', 1, '2019-01-29 23:09:43', '2019-01-29 23:09:43'),
(378, 'Lee Scratch Perry', 1, '2019-01-29 23:09:43', '2019-01-29 23:09:43'),
(379, 'Lenny Kravitz', 1, '2019-01-29 23:09:43', '2019-01-29 23:09:43'),
(380, 'Leon Bridges', 1, '2019-01-29 23:09:43', '2019-01-29 23:09:43'),
(381, 'Leon Russell', 1, '2019-01-29 23:09:43', '2019-01-29 23:09:43'),
(382, 'Lester Young', 1, '2019-01-29 23:09:43', '2019-01-29 23:09:43'),
(383, 'Level 42', 1, '2019-01-29 23:09:43', '2019-01-29 23:09:43'),
(384, 'Lightnin Hopkins', 1, '2019-01-29 23:09:43', '2019-01-29 23:09:43'),
(385, 'Lil Baby', 1, '2019-01-29 23:09:43', '2019-01-29 23:09:43'),
(386, 'Lil Boosie', 1, '2019-01-29 23:09:43', '2019-01-29 23:09:43'),
(387, 'Lil Uzi Vert', 1, '2019-01-29 23:09:43', '2019-01-29 23:09:43'),
(388, 'Lil Wayne', 1, '2019-01-29 23:09:43', '2019-01-29 23:09:43'),
(389, 'Lil Xan', 1, '2019-01-29 23:09:43', '2019-01-29 23:09:43'),
(390, 'Lil Yachty', 1, '2019-01-29 23:09:43', '2019-01-29 23:09:43'),
(391, 'Linton Kwesi Johnson', 1, '2019-01-29 23:09:43', '2019-01-29 23:09:43'),
(392, 'Lionel Richie', 1, '2019-01-29 23:09:43', '2019-01-29 23:09:43'),
(393, 'Little Big Town', 1, '2019-01-29 23:09:43', '2019-01-29 23:09:43'),
(394, 'Little Mix', 1, '2019-01-29 23:09:43', '2019-01-29 23:09:43'),
(395, 'Little Richard', 1, '2019-01-29 23:09:43', '2019-01-29 23:09:43'),
(396, 'LL Cool J', 1, '2019-01-29 23:09:43', '2019-01-29 23:09:43'),
(397, 'Lloyd Cole', 1, '2019-01-29 23:09:43', '2019-01-29 23:09:43'),
(398, 'Logic', 1, '2019-01-29 23:09:43', '2019-01-29 23:09:43'),
(399, 'Lorde', 1, '2019-01-29 23:09:43', '2019-01-29 23:09:43'),
(400, 'Louis Armstrong', 1, '2019-01-29 23:09:43', '2019-01-29 23:09:43'),
(401, 'Lucinda Williams', 1, '2019-01-29 23:09:43', '2019-01-29 23:09:43'),
(402, 'Ludacris', 1, '2019-01-29 23:09:43', '2019-01-29 23:09:43'),
(403, 'Ludovico Einaudi', 1, '2019-01-29 23:09:43', '2019-01-29 23:09:43'),
(404, 'Luis Fonsi', 1, '2019-01-29 23:09:43', '2019-01-29 23:09:43'),
(405, 'Luke Bryan', 1, '2019-01-29 23:09:43', '2019-01-29 23:09:43'),
(406, 'Luke Combs', 1, '2019-01-29 23:09:43', '2019-01-29 23:09:43'),
(407, 'Lulu', 1, '2019-01-29 23:09:43', '2019-01-29 23:09:43'),
(408, 'Lynyrd Skynyrd', 1, '2019-01-29 23:09:43', '2019-01-29 23:09:43'),
(409, 'Machine Gun Kelly', 1, '2019-01-29 23:09:43', '2019-01-29 23:09:43'),
(410, 'Maddie & Tae', 1, '2019-01-29 23:09:43', '2019-01-29 23:09:43'),
(411, 'Madonna', 1, '2019-01-29 23:09:43', '2019-01-29 23:09:43'),
(412, 'Magazine', 1, '2019-01-29 23:09:43', '2019-01-29 23:09:43'),
(413, 'Major Lazer', 1, '2019-01-29 23:09:43', '2019-01-29 23:09:43'),
(414, 'Maluma', 1, '2019-01-29 23:09:43', '2019-01-29 23:09:43'),
(415, 'Marc Almond', 1, '2019-01-29 23:09:43', '2019-01-29 23:09:43'),
(416, 'Mariah Carey', 1, '2019-01-29 23:09:43', '2019-01-29 23:09:43'),
(417, 'Marilyn Manson', 1, '2019-01-29 23:09:43', '2019-01-29 23:09:43'),
(418, 'Mark Knopfler', 1, '2019-01-29 23:09:43', '2019-01-29 23:09:43'),
(419, 'Mark Ronson', 1, '2019-01-29 23:09:43', '2019-01-29 23:09:43'),
(420, 'Maroon 5', 1, '2019-01-29 23:09:43', '2019-01-29 23:09:43'),
(421, 'Marshmello', 1, '2019-01-29 23:09:43', '2019-01-29 23:09:43'),
(422, 'Martha Reeves & The Vandellas', 1, '2019-01-29 23:09:43', '2019-01-29 23:09:43'),
(423, 'Martin Garrix', 1, '2019-01-29 23:09:43', '2019-01-29 23:09:43'),
(424, 'Marvin Gaye', 1, '2019-01-29 23:09:43', '2019-01-29 23:09:43'),
(425, 'Mary Hopkin', 1, '2019-01-29 23:09:43', '2019-01-29 23:09:43'),
(426, 'Mary J. Blige', 1, '2019-01-29 23:09:43', '2019-01-29 23:09:43'),
(427, 'Mary Wells', 1, '2019-01-29 23:09:43', '2019-01-29 23:09:43'),
(428, 'Massive Attack', 1, '2019-01-29 23:09:43', '2019-01-29 23:09:43'),
(429, 'Master P', 1, '2019-01-29 23:09:43', '2019-01-29 23:09:43'),
(430, 'Maxi Priest', 1, '2019-01-29 23:09:43', '2019-01-29 23:09:43'),
(431, 'McCoy Tyner', 1, '2019-01-29 23:09:43', '2019-01-29 23:09:43'),
(432, 'Meat Loaf', 1, '2019-01-29 23:09:43', '2019-01-29 23:09:43'),
(433, 'Meek Mill', 1, '2019-01-29 23:09:43', '2019-01-29 23:09:43'),
(434, 'Megadeth', 1, '2019-01-29 23:09:43', '2019-01-29 23:09:43'),
(435, 'Melody Gardot', 1, '2019-01-29 23:09:43', '2019-01-29 23:09:43'),
(436, 'Metallica', 1, '2019-01-29 23:09:43', '2019-01-29 23:09:43'),
(437, 'Method Man', 1, '2019-01-29 23:09:43', '2019-01-29 23:09:43'),
(438, 'Michael Jackson', 1, '2019-01-29 23:09:43', '2019-01-29 23:09:43'),
(439, 'Michael Kiwanuka', 1, '2019-01-29 23:09:43', '2019-01-29 23:09:43'),
(440, 'Michael Nyman', 1, '2019-01-29 23:09:43', '2019-01-29 23:09:43'),
(441, 'Midland', 1, '2019-01-29 23:09:43', '2019-01-29 23:09:43'),
(442, 'Migos', 1, '2019-01-29 23:09:43', '2019-01-29 23:09:43'),
(443, 'Mike & the Mechanics', 1, '2019-01-29 23:09:43', '2019-01-29 23:09:43'),
(444, 'Mike Oldfield', 1, '2019-01-29 23:09:43', '2019-01-29 23:09:43'),
(445, 'Miles Davis', 1, '2019-01-29 23:09:43', '2019-01-29 23:09:43'),
(446, 'Milky Chance', 1, '2019-01-29 23:09:43', '2019-01-29 23:09:43'),
(447, 'Minnie Riperton', 1, '2019-01-29 23:09:43', '2019-01-29 23:09:43'),
(448, 'Morrissey', 1, '2019-01-29 23:09:43', '2019-01-29 23:09:43'),
(449, 'Mötley Crüe', 1, '2019-01-29 23:09:43', '2019-01-29 23:09:43'),
(450, 'Motörhead', 1, '2019-01-29 23:09:43', '2019-01-29 23:09:43'),
(451, 'Muddy Waters', 1, '2019-01-29 23:09:43', '2019-01-29 23:09:43'),
(452, 'Mumford & Sons', 1, '2019-01-29 23:09:43', '2019-01-29 23:09:43'),
(453, 'Muse', 1, '2019-01-29 23:09:43', '2019-01-29 23:09:43'),
(454, 'N.W.A', 1, '2019-01-29 23:09:43', '2019-01-29 23:09:43'),
(455, 'Nanci Griffith', 1, '2019-01-29 23:09:43', '2019-01-29 23:09:43'),
(456, 'NAS', 1, '2019-01-29 23:09:43', '2019-01-29 23:09:43'),
(457, 'Nat King Cole', 1, '2019-01-29 23:09:43', '2019-01-29 23:09:43'),
(458, 'Nazareth', 1, '2019-01-29 23:09:43', '2019-01-29 23:09:43'),
(459, 'Neil Diamond', 1, '2019-01-29 23:09:43', '2019-01-29 23:09:43'),
(460, 'Neil Young', 1, '2019-01-29 23:09:43', '2019-01-29 23:09:43'),
(461, 'Nelly', 1, '2019-01-29 23:09:43', '2019-01-29 23:09:43'),
(462, 'Neneh Cherry', 1, '2019-01-29 23:09:43', '2019-01-29 23:09:43'),
(463, 'New Edition', 1, '2019-01-29 23:09:43', '2019-01-29 23:09:43'),
(464, 'New York Dolls', 1, '2019-01-29 23:09:43', '2019-01-29 23:09:43'),
(465, 'Ne-Yo', 1, '2019-01-29 23:09:43', '2019-01-29 23:09:43'),
(466, 'Nick Drake', 1, '2019-01-29 23:09:43', '2019-01-29 23:09:43'),
(467, 'Nicki Minaj', 1, '2019-01-29 23:09:43', '2019-01-29 23:09:43'),
(468, 'Nicky Jam', 1, '2019-01-29 23:09:43', '2019-01-29 23:09:43'),
(469, 'Nik Kershaw', 1, '2019-01-29 23:09:43', '2019-01-29 23:09:43'),
(470, 'Nina Simone', 1, '2019-01-29 23:09:43', '2019-01-29 23:09:43'),
(471, 'Nine Inch Nails', 1, '2019-01-29 23:09:43', '2019-01-29 23:09:43'),
(472, 'Nirvana', 1, '2019-01-29 23:09:43', '2019-01-29 23:09:43'),
(473, 'No Doubt', 1, '2019-01-29 23:09:43', '2019-01-29 23:09:43'),
(474, 'Norah Jones', 1, '2019-01-29 23:09:43', '2019-01-29 23:09:43'),
(475, 'Ocean Colour Scene', 1, '2019-01-29 23:09:43', '2019-01-29 23:09:43'),
(476, 'OMD', 1, '2019-01-29 23:09:43', '2019-01-29 23:09:43'),
(477, 'OneRepublic', 1, '2019-01-29 23:09:43', '2019-01-29 23:09:43'),
(478, 'Onyx', 1, '2019-01-29 23:09:43', '2019-01-29 23:09:43'),
(479, 'Oscar Peterson', 1, '2019-01-29 23:09:43', '2019-01-29 23:09:43'),
(480, 'Otis Redding', 1, '2019-01-29 23:09:43', '2019-01-29 23:09:43'),
(481, 'Ozuna', 1, '2019-01-29 23:09:43', '2019-01-29 23:09:43'),
(482, 'P!nk', 1, '2019-01-29 23:09:43', '2019-01-29 23:09:43'),
(483, 'Panic! at the Disco', 1, '2019-01-29 23:09:43', '2019-01-29 23:09:43'),
(484, 'Papa Roach', 1, '2019-01-29 23:09:43', '2019-01-29 23:09:43'),
(485, 'Pat Benatar', 1, '2019-01-29 23:09:43', '2019-01-29 23:09:43'),
(486, 'Pato Banton', 1, '2019-01-29 23:09:43', '2019-01-29 23:09:43'),
(487, 'Patsy Cline', 1, '2019-01-29 23:09:43', '2019-01-29 23:09:43'),
(488, 'Patty Griffin', 1, '2019-01-29 23:09:43', '2019-01-29 23:09:43'),
(489, 'Paul McCartney and Wings', 1, '2019-01-29 23:09:43', '2019-01-29 23:09:43'),
(490, 'Paul Simon', 1, '2019-01-29 23:09:43', '2019-01-29 23:09:43'),
(491, 'Paul Weller', 1, '2019-01-29 23:09:43', '2019-01-29 23:09:43'),
(492, 'Peaches & Herb', 1, '2019-01-29 23:09:43', '2019-01-29 23:09:43'),
(493, 'Pearl Jam', 1, '2019-01-29 23:09:43', '2019-01-29 23:09:43'),
(494, 'Peggy Lee', 1, '2019-01-29 23:09:43', '2019-01-29 23:09:43'),
(495, 'Pete Townshend', 1, '2019-01-29 23:09:43', '2019-01-29 23:09:43'),
(496, 'Peter Frampton', 1, '2019-01-29 23:09:43', '2019-01-29 23:09:43'),
(497, 'Pham', 1, '2019-01-29 23:09:43', '2019-01-29 23:09:43'),
(498, 'Phil Collins', 1, '2019-01-29 23:09:43', '2019-01-29 23:09:43'),
(499, 'Phil Manzanera', 1, '2019-01-29 23:09:43', '2019-01-29 23:09:43'),
(500, 'PiL (Public Image Ltd)', 1, '2019-01-29 23:09:43', '2019-01-29 23:09:43'),
(501, 'Pink Floyd', 1, '2019-01-29 23:09:43', '2019-01-29 23:09:43'),
(502, 'PJ Harvey', 1, '2019-01-29 23:09:43', '2019-01-29 23:09:43'),
(503, 'Placebo', 1, '2019-01-29 23:09:43', '2019-01-29 23:09:43'),
(504, 'Poco', 1, '2019-01-29 23:09:43', '2019-01-29 23:09:43'),
(505, 'Poison', 1, '2019-01-29 23:09:43', '2019-01-29 23:09:43'),
(506, 'Portishead', 1, '2019-01-29 23:09:43', '2019-01-29 23:09:43'),
(507, 'Post Malone', 1, '2019-01-29 23:09:43', '2019-01-29 23:09:43'),
(508, 'Prince', 1, '2019-01-29 23:09:43', '2019-01-29 23:09:43'),
(509, 'Public Enemy', 1, '2019-01-29 23:09:43', '2019-01-29 23:09:43'),
(510, 'Pulp', 1, '2019-01-29 23:09:43', '2019-01-29 23:09:43'),
(511, 'Quavo', 1, '2019-01-29 23:09:43', '2019-01-29 23:09:43'),
(512, 'Queen', 1, '2019-01-29 23:09:43', '2019-01-29 23:09:43'),
(513, 'Queens Of The Stone Age', 1, '2019-01-29 23:09:43', '2019-01-29 23:09:43'),
(514, 'Quicksilver Messenger Service', 1, '2019-01-29 23:09:43', '2019-01-29 23:09:43'),
(515, 'Quincy Jones', 1, '2019-01-29 23:09:43', '2019-01-29 23:09:43'),
(516, 'R.E.M.', 1, '2019-01-29 23:09:44', '2019-01-29 23:09:44'),
(517, 'Rainbow', 1, '2019-01-29 23:09:44', '2019-01-29 23:09:44'),
(518, 'Rammstein', 1, '2019-01-29 23:09:44', '2019-01-29 23:09:44'),
(519, 'Ray Charles', 1, '2019-01-29 23:09:44', '2019-01-29 23:09:44'),
(520, 'Reba McEntire', 1, '2019-01-29 23:09:44', '2019-01-29 23:09:44'),
(521, 'Red Hot Chili Peppers', 1, '2019-01-29 23:09:44', '2019-01-29 23:09:44'),
(522, 'Redman', 1, '2019-01-29 23:09:44', '2019-01-29 23:09:44'),
(523, 'Richie Havens', 1, '2019-01-29 23:09:44', '2019-01-29 23:09:44'),
(524, 'Rick James', 1, '2019-01-29 23:09:44', '2019-01-29 23:09:44'),
(525, 'Rick Nelson', 1, '2019-01-29 23:09:44', '2019-01-29 23:09:44'),
(526, 'Rick Ross', 1, '2019-01-29 23:09:44', '2019-01-29 23:09:44'),
(527, 'Rick Wakeman', 1, '2019-01-29 23:09:44', '2019-01-29 23:09:44'),
(528, 'Rihanna', 1, '2019-01-29 23:09:44', '2019-01-29 23:09:44'),
(529, 'Ringo Starr', 1, '2019-01-29 23:09:44', '2019-01-29 23:09:44'),
(530, 'Rise Against', 1, '2019-01-29 23:09:44', '2019-01-29 23:09:44'),
(531, 'Rita Ora', 1, '2019-01-29 23:09:44', '2019-01-29 23:09:44'),
(532, 'Rob Zombie', 1, '2019-01-29 23:09:44', '2019-01-29 23:09:44'),
(533, 'Robbie Williams', 1, '2019-01-29 23:09:44', '2019-01-29 23:09:44'),
(534, 'Robert Cray', 1, '2019-01-29 23:09:44', '2019-01-29 23:09:44'),
(535, 'Robert Glasper', 1, '2019-01-29 23:09:44', '2019-01-29 23:09:44'),
(536, 'Robert Palmer', 1, '2019-01-29 23:09:44', '2019-01-29 23:09:44'),
(537, 'Robert Plant', 1, '2019-01-29 23:09:44', '2019-01-29 23:09:44'),
(538, 'Rod Stewart', 1, '2019-01-29 23:09:44', '2019-01-29 23:09:44'),
(539, 'Roger Daltrey', 1, '2019-01-29 23:09:44', '2019-01-29 23:09:44'),
(540, 'Ronnie Lane', 1, '2019-01-29 23:09:44', '2019-01-29 23:09:44'),
(541, 'Ronnie Wood', 1, '2019-01-29 23:09:44', '2019-01-29 23:09:44'),
(542, 'Rory Gallagher', 1, '2019-01-29 23:09:44', '2019-01-29 23:09:44'),
(543, 'Rosanne Cash', 1, '2019-01-29 23:09:44', '2019-01-29 23:09:44'),
(544, 'Roxy Music', 1, '2019-01-29 23:09:44', '2019-01-29 23:09:44'),
(545, 'Roy Orbison', 1, '2019-01-29 23:09:44', '2019-01-29 23:09:44'),
(546, 'Ruff Ryders', 1, '2019-01-29 23:09:44', '2019-01-29 23:09:44'),
(547, 'Rufus Wainwright', 1, '2019-01-29 23:09:44', '2019-01-29 23:09:44'),
(548, 'Rush', 1, '2019-01-29 23:09:44', '2019-01-29 23:09:44'),
(549, 'Russ', 1, '2019-01-29 23:09:44', '2019-01-29 23:09:44'),
(550, 'Ryan Adams', 1, '2019-01-29 23:09:44', '2019-01-29 23:09:44'),
(551, 'Saint Etienne', 1, '2019-01-29 23:09:44', '2019-01-29 23:09:44'),
(552, 'Salt-n-Pepa', 1, '2019-01-29 23:09:44', '2019-01-29 23:09:44'),
(553, 'Sam Cooke', 1, '2019-01-29 23:09:44', '2019-01-29 23:09:44'),
(554, 'Sam Hunt', 1, '2019-01-29 23:09:44', '2019-01-29 23:09:44'),
(555, 'Sam Smith', 1, '2019-01-29 23:09:44', '2019-01-29 23:09:44'),
(556, 'Sammy Hagar', 1, '2019-01-29 23:09:44', '2019-01-29 23:09:44'),
(557, 'Sandy Denny', 1, '2019-01-29 23:09:44', '2019-01-29 23:09:44'),
(558, 'Schiller', 1, '2019-01-29 23:09:44', '2019-01-29 23:09:44'),
(559, 'Scorpions', 1, '2019-01-29 23:09:44', '2019-01-29 23:09:44'),
(560, 'Scott Walker', 1, '2019-01-29 23:09:44', '2019-01-29 23:09:44'),
(561, 'Secret Garden', 1, '2019-01-29 23:09:44', '2019-01-29 23:09:44'),
(562, 'Selena Gomez', 1, '2019-01-29 23:09:44', '2019-01-29 23:09:44'),
(563, 'Sensational Alex Harvey Band', 1, '2019-01-29 23:09:44', '2019-01-29 23:09:44'),
(564, 'Serge Gainsbourg', 1, '2019-01-29 23:09:44', '2019-01-29 23:09:44'),
(565, 'Sergio Mendes', 1, '2019-01-29 23:09:44', '2019-01-29 23:09:44'),
(566, 'Sex Pistols', 1, '2019-01-29 23:09:44', '2019-01-29 23:09:44'),
(567, 'Shaggy', 1, '2019-01-29 23:09:44', '2019-01-29 23:09:44'),
(568, 'Shakira', 1, '2019-01-29 23:09:44', '2019-01-29 23:09:44'),
(569, 'Sham 69', 1, '2019-01-29 23:09:44', '2019-01-29 23:09:44'),
(570, 'Shania Twain', 1, '2019-01-29 23:09:44', '2019-01-29 23:09:44'),
(571, 'Shawn Mendes', 1, '2019-01-29 23:09:44', '2019-01-29 23:09:44'),
(572, 'Sheck Wes', 1, '2019-01-29 23:09:44', '2019-01-29 23:09:44'),
(573, 'Sheryl Crow', 1, '2019-01-29 23:09:44', '2019-01-29 23:09:44'),
(574, 'Sia', 1, '2019-01-29 23:09:44', '2019-01-29 23:09:44'),
(575, 'Simple Minds', 1, '2019-01-29 23:09:44', '2019-01-29 23:09:44'),
(576, 'Siouxsie & The Banshees', 1, '2019-01-29 23:09:44', '2019-01-29 23:09:44'),
(577, 'Slayer', 1, '2019-01-29 23:09:44', '2019-01-29 23:09:44'),
(578, 'Slick Rick', 1, '2019-01-29 23:09:44', '2019-01-29 23:09:44'),
(579, 'Sly & Robbie', 1, '2019-01-29 23:09:44', '2019-01-29 23:09:44'),
(580, 'Small Faces', 1, '2019-01-29 23:09:44', '2019-01-29 23:09:44'),
(581, 'Smokey Robinson', 1, '2019-01-29 23:09:44', '2019-01-29 23:09:44'),
(582, 'Smokey Robinson & The Miracles', 1, '2019-01-29 23:09:44', '2019-01-29 23:09:44'),
(583, 'Snoop Dogg', 1, '2019-01-29 23:09:44', '2019-01-29 23:09:44'),
(584, 'Snow Da Product', 1, '2019-01-29 23:09:44', '2019-01-29 23:09:44'),
(585, 'Snow Patrol', 1, '2019-01-29 23:09:44', '2019-01-29 23:09:44'),
(586, 'Soft Cell', 1, '2019-01-29 23:09:44', '2019-01-29 23:09:44'),
(587, 'Sonic Youth', 1, '2019-01-29 23:09:44', '2019-01-29 23:09:44'),
(588, 'Sonny Boy Williamson', 1, '2019-01-29 23:09:44', '2019-01-29 23:09:44'),
(589, 'Soul II Soul', 1, '2019-01-29 23:09:44', '2019-01-29 23:09:44'),
(590, 'Soundgarden', 1, '2019-01-29 23:09:44', '2019-01-29 23:09:44'),
(591, 'Spandau Ballet', 1, '2019-01-29 23:09:44', '2019-01-29 23:09:44'),
(592, 'Sparks', 1, '2019-01-29 23:09:44', '2019-01-29 23:09:44'),
(593, 'Spice Girls', 1, '2019-01-29 23:09:44', '2019-01-29 23:09:44'),
(594, 'Stan Getz', 1, '2019-01-29 23:09:44', '2019-01-29 23:09:44'),
(595, 'Status Quo', 1, '2019-01-29 23:09:44', '2019-01-29 23:09:44'),
(596, 'Steel Pulse', 1, '2019-01-29 23:09:44', '2019-01-29 23:09:44'),
(597, 'Steely Dan', 1, '2019-01-29 23:09:44', '2019-01-29 23:09:44'),
(598, 'Steppenwolf', 1, '2019-01-29 23:09:44', '2019-01-29 23:09:44'),
(599, 'Stereo MCs', 1, '2019-01-29 23:09:44', '2019-01-29 23:09:44'),
(600, 'Stereophonics', 1, '2019-01-29 23:09:44', '2019-01-29 23:09:44'),
(601, 'Steve Aoki', 1, '2019-01-29 23:09:44', '2019-01-29 23:09:44'),
(602, 'Steve Earle', 1, '2019-01-29 23:09:44', '2019-01-29 23:09:44'),
(603, 'Steve Hackett', 1, '2019-01-29 23:09:44', '2019-01-29 23:09:44'),
(604, 'Steve Hillage', 1, '2019-01-29 23:09:44', '2019-01-29 23:09:44'),
(605, 'Steve Miller Band', 1, '2019-01-29 23:09:44', '2019-01-29 23:09:44'),
(606, 'Steve Winwood', 1, '2019-01-29 23:09:44', '2019-01-29 23:09:44'),
(607, 'Steven Tyler', 1, '2019-01-29 23:09:44', '2019-01-29 23:09:44'),
(608, 'Stevie Wonder', 1, '2019-01-29 23:09:44', '2019-01-29 23:09:44'),
(609, 'Sting', 1, '2019-01-29 23:09:44', '2019-01-29 23:09:44'),
(610, 'Styx', 1, '2019-01-29 23:09:44', '2019-01-29 23:09:44'),
(611, 'Sublime', 1, '2019-01-29 23:09:44', '2019-01-29 23:09:44'),
(612, 'Sum 41', 1, '2019-01-29 23:09:44', '2019-01-29 23:09:44'),
(613, 'Supertramp', 1, '2019-01-29 23:09:44', '2019-01-29 23:09:44'),
(614, 'Suzanne Vega', 1, '2019-01-29 23:09:44', '2019-01-29 23:09:44'),
(615, 'Swae Lee', 1, '2019-01-29 23:09:44', '2019-01-29 23:09:44'),
(616, 'System Of A Down', 1, '2019-01-29 23:09:44', '2019-01-29 23:09:44'),
(617, 'T. Rex', 1, '2019-01-29 23:09:44', '2019-01-29 23:09:44'),
(618, 'T.I', 1, '2019-01-29 23:09:44', '2019-01-29 23:09:44'),
(619, 'Take That', 1, '2019-01-29 23:09:44', '2019-01-29 23:09:44'),
(620, 'Tammi Terrell', 1, '2019-01-29 23:09:44', '2019-01-29 23:09:44'),
(621, 'Tangerine Dream', 1, '2019-01-29 23:09:44', '2019-01-29 23:09:44'),
(622, 'TASH SULTANA', 1, '2019-01-29 23:09:44', '2019-01-29 23:09:44'),
(623, 'Taylor Swift', 1, '2019-01-29 23:09:44', '2019-01-29 23:09:44'),
(624, 'T-Bone Walker', 1, '2019-01-29 23:09:44', '2019-01-29 23:09:44'),
(625, 'Tears For Fears', 1, '2019-01-29 23:09:44', '2019-01-29 23:09:44'),
(626, 'Teena Marie', 1, '2019-01-29 23:09:44', '2019-01-29 23:09:44'),
(627, 'Temple Of The Dog', 1, '2019-01-29 23:09:44', '2019-01-29 23:09:44'),
(628, 'Tesla', 1, '2019-01-29 23:09:44', '2019-01-29 23:09:44'),
(629, 'Texas', 1, '2019-01-29 23:09:44', '2019-01-29 23:09:44'),
(630, 'The All-American Rejects', 1, '2019-01-29 23:09:44', '2019-01-29 23:09:44'),
(631, 'The Allman Brothers Band', 1, '2019-01-29 23:09:44', '2019-01-29 23:09:44'),
(632, 'The Band', 1, '2019-01-29 23:09:44', '2019-01-29 23:09:44'),
(633, 'The Beach Boys', 1, '2019-01-29 23:09:44', '2019-01-29 23:09:44'),
(634, 'The Beatles', 1, '2019-01-29 23:09:44', '2019-01-29 23:09:44'),
(635, 'The Brothers Johnson', 1, '2019-01-29 23:09:44', '2019-01-29 23:09:44'),
(636, 'The Chainsmokers', 1, '2019-01-29 23:09:44', '2019-01-29 23:09:44'),
(637, 'The Chemical Brothers', 1, '2019-01-29 23:09:44', '2019-01-29 23:09:44'),
(638, 'The Clash', 1, '2019-01-29 23:09:44', '2019-01-29 23:09:44'),
(639, 'The Commodores', 1, '2019-01-29 23:09:44', '2019-01-29 23:09:44'),
(640, 'The Common Linnets', 1, '2019-01-29 23:09:44', '2019-01-29 23:09:44'),
(641, 'The Cranberries', 1, '2019-01-29 23:09:44', '2019-01-29 23:09:44'),
(642, 'The Cure', 1, '2019-01-29 23:09:44', '2019-01-29 23:09:44'),
(643, 'The Damned', 1, '2019-01-29 23:09:44', '2019-01-29 23:09:44'),
(644, 'The Dead Soth', 1, '2019-01-29 23:09:44', '2019-01-29 23:09:44'),
(645, 'The Doors', 1, '2019-01-29 23:09:44', '2019-01-29 23:09:44'),
(646, 'The Game', 1, '2019-01-29 23:09:44', '2019-01-29 23:09:44'),
(647, 'The Human League', 1, '2019-01-29 23:09:44', '2019-01-29 23:09:44'),
(648, 'The Isley Brothers', 1, '2019-01-29 23:09:44', '2019-01-29 23:09:44'),
(649, 'The Jam', 1, '2019-01-29 23:09:44', '2019-01-29 23:09:44'),
(650, 'The Killers', 1, '2019-01-29 23:09:44', '2019-01-29 23:09:44'),
(651, 'The Kinks', 1, '2019-01-29 23:09:44', '2019-01-29 23:09:44'),
(652, 'The Kooks', 1, '2019-01-29 23:09:44', '2019-01-29 23:09:44'),
(653, 'The Libertines', 1, '2019-01-29 23:09:44', '2019-01-29 23:09:44'),
(654, 'The Lumineers', 1, '2019-01-29 23:09:44', '2019-01-29 23:09:44'),
(655, 'The Mamas & The Papas', 1, '2019-01-29 23:09:44', '2019-01-29 23:09:44'),
(656, 'The Marvelettes', 1, '2019-01-29 23:09:44', '2019-01-29 23:09:44'),
(657, 'The Mavericks', 1, '2019-01-29 23:09:44', '2019-01-29 23:09:44'),
(658, 'The Moody Blues', 1, '2019-01-29 23:09:44', '2019-01-29 23:09:44'),
(659, 'The Nitty Gritty Dirt Band', 1, '2019-01-29 23:09:44', '2019-01-29 23:09:44'),
(660, 'The Ozark Mountain Daredevils', 1, '2019-01-29 23:09:44', '2019-01-29 23:09:44'),
(661, 'The Police', 1, '2019-01-29 23:09:44', '2019-01-29 23:09:44'),
(662, 'The Righteous Brothers', 1, '2019-01-29 23:09:44', '2019-01-29 23:09:44'),
(663, 'The Rolling Stones', 1, '2019-01-29 23:09:44', '2019-01-29 23:09:44'),
(664, 'The Roots', 1, '2019-01-29 23:09:44', '2019-01-29 23:09:44'),
(665, 'The Ruts', 1, '2019-01-29 23:09:44', '2019-01-29 23:09:44'),
(666, 'The Smashing Pumpkins', 1, '2019-01-29 23:09:44', '2019-01-29 23:09:44'),
(667, 'The Statler Brothers', 1, '2019-01-29 23:09:44', '2019-01-29 23:09:44'),
(668, 'The Style Council', 1, '2019-01-29 23:09:44', '2019-01-29 23:09:44'),
(669, 'The Temptations', 1, '2019-01-29 23:09:44', '2019-01-29 23:09:44'),
(670, 'The Tubes', 1, '2019-01-29 23:09:44', '2019-01-29 23:09:44'),
(671, 'The Velvet Underground', 1, '2019-01-29 23:09:44', '2019-01-29 23:09:44'),
(672, 'The Verve', 1, '2019-01-29 23:09:44', '2019-01-29 23:09:44'),
(673, 'The Walker Brothers', 1, '2019-01-29 23:09:44', '2019-01-29 23:09:44'),
(674, 'The Weeknd', 1, '2019-01-29 23:09:44', '2019-01-29 23:09:44'),
(675, 'The Who', 1, '2019-01-29 23:09:44', '2019-01-29 23:09:44'),
(676, 'Thelma Houston', 1, '2019-01-29 23:09:44', '2019-01-29 23:09:44'),
(677, 'Thelonious Monk', 1, '2019-01-29 23:09:44', '2019-01-29 23:09:44'),
(678, 'Thin Lizzy', 1, '2019-01-29 23:09:44', '2019-01-29 23:09:44'),
(679, 'Thomas Rhett', 1, '2019-01-29 23:09:44', '2019-01-29 23:09:44'),
(680, 'Three Dog Night', 1, '2019-01-29 23:09:44', '2019-01-29 23:09:44'),
(681, 'Tiësto', 1, '2019-01-29 23:09:44', '2019-01-29 23:09:44'),
(682, 'Tim McGraw', 1, '2019-01-29 23:09:44', '2019-01-29 23:09:44'),
(683, 'Toby Keith', 1, '2019-01-29 23:09:44', '2019-01-29 23:09:44'),
(684, 'Tom Jones', 1, '2019-01-29 23:09:44', '2019-01-29 23:09:44'),
(685, 'Tom Petty', 1, '2019-01-29 23:09:44', '2019-01-29 23:09:44'),
(686, 'Tom Waits', 1, '2019-01-29 23:09:44', '2019-01-29 23:09:44'),
(687, 'Toots & The Maytals', 1, '2019-01-29 23:09:44', '2019-01-29 23:09:44'),
(688, 'Tori Amos', 1, '2019-01-29 23:09:44', '2019-01-29 23:09:44'),
(689, 'Tove Lo', 1, '2019-01-29 23:09:44', '2019-01-29 23:09:44'),
(690, 'Traffic', 1, '2019-01-29 23:09:44', '2019-01-29 23:09:44'),
(691, 'Traveling Wilburys', 1, '2019-01-29 23:09:44', '2019-01-29 23:09:44'),
(692, 'Travis Scott', 1, '2019-01-29 23:09:44', '2019-01-29 23:09:44'),
(693, 'Two Feet', 1, '2019-01-29 23:09:44', '2019-01-29 23:09:44'),
(694, 'Ty Dolla $ign', 1, '2019-01-29 23:09:44', '2019-01-29 23:09:44'),
(695, 'Tyga', 1, '2019-01-29 23:09:44', '2019-01-29 23:09:44'),
(696, 'U2', 1, '2019-01-29 23:09:44', '2019-01-29 23:09:44'),
(697, 'UB40', 1, '2019-01-29 23:09:44', '2019-01-29 23:09:44'),
(698, 'Ultravox', 1, '2019-01-29 23:09:44', '2019-01-29 23:09:44'),
(699, 'Uncle Lucius', 1, '2019-01-29 23:09:44', '2019-01-29 23:09:44'),
(700, 'Underworld', 1, '2019-01-29 23:09:44', '2019-01-29 23:09:44'),
(701, 'Van der Graaf Generator', 1, '2019-01-29 23:09:44', '2019-01-29 23:09:44'),
(702, 'Vangelis', 1, '2019-01-29 23:09:44', '2019-01-29 23:09:44'),
(703, 'Vince Gill', 1, '2019-01-29 23:09:44', '2019-01-29 23:09:44'),
(704, 'Weezer', 1, '2019-01-29 23:09:44', '2019-01-29 23:09:44'),
(705, 'Wes Montgomery', 1, '2019-01-29 23:09:44', '2019-01-29 23:09:44'),
(706, 'Wet Wet Wet', 1, '2019-01-29 23:09:44', '2019-01-29 23:09:44'),
(707, 'Whitesnake', 1, '2019-01-29 23:09:44', '2019-01-29 23:09:44'),
(708, 'will.i.am', 1, '2019-01-29 23:09:44', '2019-01-29 23:09:44'),
(709, 'William Orbit', 1, '2019-01-29 23:09:44', '2019-01-29 23:09:44'),
(710, 'Willie Nelson', 1, '2019-01-29 23:09:44', '2019-01-29 23:09:44'),
(711, 'Wilson Pickett', 1, '2019-01-29 23:09:44', '2019-01-29 23:09:44'),
(712, 'Wishbone Ash', 1, '2019-01-29 23:09:44', '2019-01-29 23:09:44'),
(713, 'Wiz Khalifa', 1, '2019-01-29 23:09:44', '2019-01-29 23:09:44'),
(714, 'Wolfmother', 1, '2019-01-29 23:09:44', '2019-01-29 23:09:44'),
(715, 'Yeah Yeah Yeahs', 1, '2019-01-29 23:09:44', '2019-01-29 23:09:44'),
(716, 'YELAWOLF', 1, '2019-01-29 23:09:44', '2019-01-29 23:09:44'),
(717, 'Yello', 1, '2019-01-29 23:09:44', '2019-01-29 23:09:44'),
(718, 'Yes', 1, '2019-01-29 23:09:44', '2019-01-29 23:09:44'),
(719, 'Young Jeezy', 1, '2019-01-29 23:09:44', '2019-01-29 23:09:44'),
(720, 'Zara Larsson', 1, '2019-01-29 23:09:44', '2019-01-29 23:09:44'),
(721, 'Zayn', 1, '2019-01-29 23:09:44', '2019-01-29 23:09:44'),
(722, 'Zedd', 1, '2019-01-29 23:09:44', '2019-01-29 23:09:44'),
(723, 'Awolnation', 1, '2019-01-29 23:10:21', '2019-01-29 23:15:55'),
(729, 'Grubson', 1, '2019-01-30 03:39:01', '2019-02-15 00:46:18'),
(731, 'Peja', 1, '2019-01-30 03:43:38', '2019-02-15 00:46:09'),
(732, 'Paluch', 1, '2019-01-30 03:43:38', '2019-02-15 00:46:11'),
(735, 'DonGuralesko', 1, '2019-01-30 22:52:10', '2019-02-15 00:46:12'),
(746, 'Keke', 1, '2019-01-31 22:05:29', '2019-02-15 00:46:14'),
(752, 'Rahim', 1, '2019-02-02 17:51:13', '2019-02-14 05:21:16'),
(753, 'Eme', 0, '2019-02-23 17:29:34', '2019-02-23 17:29:34'),
(754, 'Machine Gun Kellys', 1, '2019-02-26 14:25:00', '2019-02-26 14:25:33'),
(755, 'Red Hot Chili Pepperss', 1, '2019-02-26 14:25:00', '2019-02-26 14:25:30'),
(756, 'Ivan Navi', 0, '2019-03-07 17:10:42', '2019-03-07 17:10:42'),
(757, 'Karina Nechyporenko', 0, '2019-03-07 17:10:42', '2019-03-07 17:10:42'),
(758, 'e', 0, '2019-03-11 13:55:41', '2019-03-11 13:55:41'),
(759, 'KariNavi', 0, '2019-03-12 09:16:49', '2019-03-12 09:16:49');

-- --------------------------------------------------------

--
-- Структура таблицы `artists_groups`
--

CREATE TABLE `artists_groups` (
  `id` int(11) NOT NULL,
  `artist_id` int(11) NOT NULL,
  `group_id` int(11) NOT NULL
) ENGINE=InnoDB DEFAULT CHARSET=latin1;

-- --------------------------------------------------------

--
-- Структура таблицы `banners`
--

CREATE TABLE `banners` (
  `id` int(11) NOT NULL,
  `title` varchar(255) NOT NULL,
  `status` tinyint(1) NOT NULL,
  `image` varchar(255) NOT NULL,
  `created` datetime NOT NULL,
  `modified` datetime NOT NULL
) ENGINE=InnoDB DEFAULT CHARSET=latin1;

--
-- Дамп данных таблицы `banners`
--

INSERT INTO `banners` (`id`, `title`, `status`, `image`, `created`, `modified`) VALUES
(1, 'Banner', 1, '594174979-14-02-2019-04-04-36.png', '2018-11-27 04:24:57', '2019-02-14 04:04:36');

-- --------------------------------------------------------

--
-- Структура таблицы `banner_images`
--

CREATE TABLE `banner_images` (
  `id` int(11) NOT NULL,
  `banner_id` int(11) NOT NULL,
  `title` varchar(255) NOT NULL,
  `description` text,
  `external_link` varchar(255) DEFAULT NULL,
  `image` varchar(255) NOT NULL,
  `sort_order` int(11) NOT NULL,
  `created` datetime NOT NULL,
  `modified` datetime NOT NULL
) ENGINE=InnoDB DEFAULT CHARSET=latin1;

--
-- Дамп данных таблицы `banner_images`
--

INSERT INTO `banner_images` (`id`, `banner_id`, `title`, `description`, `external_link`, `image`, `sort_order`, `created`, `modified`) VALUES
(1, 1, 'lipsum', 'fgdr', 'https://projects.dotsquares.com', 'uploads/admin_users/photos/e3f0eed4ef5435fe0049b34ef0ff4471.jpg', 1, '2018-07-03 10:34:31', '2018-07-03 10:34:31');

-- --------------------------------------------------------

--
-- Структура таблицы `banner_manager_phinxlog`
--

CREATE TABLE `banner_manager_phinxlog` (
  `version` bigint(20) NOT NULL,
  `migration_name` varchar(100) DEFAULT NULL,
  `start_time` timestamp NULL DEFAULT NULL,
  `end_time` timestamp NULL DEFAULT NULL,
  `breakpoint` tinyint(1) NOT NULL DEFAULT '0'
) ENGINE=InnoDB DEFAULT CHARSET=utf8;

--
-- Дамп данных таблицы `banner_manager_phinxlog`
--

INSERT INTO `banner_manager_phinxlog` (`version`, `migration_name`, `start_time`, `end_time`, `breakpoint`) VALUES
(20180423103116, 'CreateBanners', '2018-07-03 05:00:57', '2018-07-03 05:00:57', 0),
(20180423103125, 'CreateBannerImages', '2018-07-03 05:00:57', '2018-07-03 05:00:57', 0);

-- --------------------------------------------------------

--
-- Структура таблицы `cms_manager_phinxlog`
--

CREATE TABLE `cms_manager_phinxlog` (
  `version` bigint(20) NOT NULL,
  `migration_name` varchar(100) DEFAULT NULL,
  `start_time` timestamp NULL DEFAULT NULL,
  `end_time` timestamp NULL DEFAULT NULL,
  `breakpoint` tinyint(1) NOT NULL DEFAULT '0'
) ENGINE=InnoDB DEFAULT CHARSET=utf8;

--
-- Дамп данных таблицы `cms_manager_phinxlog`
--

INSERT INTO `cms_manager_phinxlog` (`version`, `migration_name`, `start_time`, `end_time`, `breakpoint`) VALUES
(20171223181406, 'CreatePages', '2018-06-26 05:18:55', '2018-06-26 05:18:55', 0),
(20171223181416, 'CreateNavigations', '2018-06-26 05:18:55', '2018-06-26 05:18:55', 0),
(20171223181425, 'CreateModules', '2018-06-26 05:18:55', '2018-06-26 05:18:55', 0);

-- --------------------------------------------------------

--
-- Структура таблицы `collabeds`
--

CREATE TABLE `collabeds` (
  `id` int(11) NOT NULL,
  `artist_1` int(11) NOT NULL,
  `artist_2` int(11) NOT NULL,
  `banner_id` int(11) NOT NULL,
  `image` varchar(255) NOT NULL,
  `status` tinyint(1) NOT NULL,
  `created` datetime NOT NULL,
  `modified` datetime NOT NULL
) ENGINE=InnoDB DEFAULT CHARSET=latin1;

--
-- Дамп данных таблицы `collabeds`
--

INSERT INTO `collabeds` (`id`, `artist_1`, `artist_2`, `banner_id`, `image`, `status`, `created`, `modified`) VALUES
(98, 723, 158, 1, '249808624-27-02-2019.png', 1, '2019-02-27 03:29:11', '2019-02-27 03:29:11'),
(99, 210, 72, 1, '2037446385-27-02-2019.png', 1, '2019-02-27 03:29:33', '2019-02-27 03:29:33'),
(100, 221, 521, 1, '1406373846-27-02-2019.png', 1, '2019-02-27 03:29:49', '2019-02-27 03:29:49'),
(101, 81, 521, 1, '981641091-27-02-2019.png', 1, '2019-02-27 03:31:19', '2019-02-27 03:31:19'),
(102, 409, 81, 1, '1323566407-27-02-2019.png', 1, '2019-02-27 03:40:50', '2019-02-27 03:40:50'),
(103, 210, 215, 1, '1514697824-27-02-2019.png', 1, '2019-02-27 04:35:14', '2019-02-27 04:35:14'),
(104, 207, 517, 1, '615248554-27-02-2019.png', 1, '2019-02-27 04:38:01', '2019-02-27 04:38:01'),
(105, 562, 568, 1, '749776048-27-02-2019.png', 1, '2019-02-27 04:39:19', '2019-02-27 04:39:19'),
(106, 137, 55, 1, '2044715182-27-02-2019.png', 1, '2019-02-27 04:43:36', '2019-02-27 04:43:36'),
(107, 756, 757, 1, '919785365-07-03-2019.png', 0, '2019-03-07 17:10:48', '2019-03-07 17:10:48'),
(108, 484, 758, 1, '1427212741-11-03-2019.png', 0, '2019-03-11 13:55:47', '2019-03-11 13:55:47'),
(109, 307, 759, 1, '298056800-12-03-2019.png', 0, '2019-03-12 09:16:54', '2019-03-12 09:16:54'),
(110, 307, 305, 1, '1150526116-12-03-2019.png', 1, '2019-03-12 09:17:29', '2019-03-12 09:17:29'),
(111, 55, 436, 1, '1112595052-12-03-2019.png', 1, '2019-03-12 18:32:54', '2019-03-12 18:32:54');

-- --------------------------------------------------------

--
-- Структура таблицы `collabed_likes`
--

CREATE TABLE `collabed_likes` (
  `id` int(11) NOT NULL,
  `collabed_id` int(11) NOT NULL,
  `ip_address` varchar(100) NOT NULL,
  `created` datetime NOT NULL,
  `modified` datetime NOT NULL
) ENGINE=InnoDB DEFAULT CHARSET=latin1;

--
-- Дамп данных таблицы `collabed_likes`
--

INSERT INTO `collabed_likes` (`id`, `collabed_id`, `ip_address`, `created`, `modified`) VALUES
(3, 102, '71.196.236.148', '2019-03-02 22:57:01', '2019-03-02 22:57:01'),
(5, 104, '71.196.236.148', '2019-03-07 01:54:05', '2019-03-07 01:54:05'),
(7, 106, '71.196.236.148', '2019-03-07 01:54:09', '2019-03-07 01:54:09'),
(8, 98, '71.196.236.148', '2019-03-07 01:54:39', '2019-03-07 01:54:39'),
(9, 100, '71.196.236.148', '2019-03-07 01:54:41', '2019-03-07 01:54:41'),
(10, 99, '71.196.236.148', '2019-03-07 01:54:42', '2019-03-07 01:54:42'),
(11, 103, '71.196.236.148', '2019-03-07 01:54:43', '2019-03-07 01:54:43'),
(12, 101, '71.196.236.148', '2019-03-07 01:54:45', '2019-03-07 01:54:45'),
(14, 99, '50.23.113.246', '2019-03-07 11:04:49', '2019-03-07 11:04:49'),
(23, 105, '71.196.236.148', '2019-03-07 22:50:43', '2019-03-07 22:50:43'),
(25, 105, '73.50.22.108', '2019-03-10 14:43:21', '2019-03-10 14:43:21'),
(27, 104, '73.50.22.108', '2019-03-10 14:43:28', '2019-03-10 14:43:28'),
(28, 101, '73.50.22.108', '2019-03-10 14:43:43', '2019-03-10 14:43:43'),
(33, 100, '67.173.157.37', '2019-03-10 22:28:21', '2019-03-10 22:28:21'),
(35, 100, '73.50.3.85', '2019-03-11 01:50:48', '2019-03-11 01:50:48'),
(44, 100, '194.44.123.18', '2019-03-11 12:04:14', '2019-03-11 12:04:14'),
(52, 104, '194.44.123.18', '2019-03-12 09:12:55', '2019-03-12 09:12:55'),
(53, 105, '194.44.123.18', '2019-03-12 09:12:56', '2019-03-12 09:12:56'),
(58, 110, '194.44.123.18', '2019-03-12 09:17:37', '2019-03-12 09:17:37'),
(61, 111, '37.73.211.241', '2019-03-12 18:33:17', '2019-03-12 18:33:17'),
(64, 100, '98.206.15.249', '2019-03-12 22:57:04', '2019-03-12 22:57:04'),
(65, 110, '98.206.15.249', '2019-03-12 22:57:06', '2019-03-12 22:57:06'),
(66, 102, '98.206.15.249', '2019-03-12 22:57:09', '2019-03-12 22:57:09'),
(67, 111, '98.206.15.249', '2019-03-12 22:57:10', '2019-03-12 22:57:10'),
(68, 103, '98.206.15.249', '2019-03-12 22:57:11', '2019-03-12 22:57:11'),
(69, 99, '98.206.15.249', '2019-03-12 22:57:13', '2019-03-12 22:57:13'),
(71, 98, '98.206.15.249', '2019-03-12 22:57:20', '2019-03-12 22:57:20'),
(72, 105, '98.206.15.249', '2019-03-12 22:57:22', '2019-03-12 22:57:22');

-- --------------------------------------------------------

--
-- Структура таблицы `contact_manager_phinxlog`
--

CREATE TABLE `contact_manager_phinxlog` (
  `version` bigint(20) NOT NULL,
  `migration_name` varchar(100) DEFAULT NULL,
  `start_time` timestamp NULL DEFAULT NULL,
  `end_time` timestamp NULL DEFAULT NULL,
  `breakpoint` tinyint(1) NOT NULL DEFAULT '0'
) ENGINE=InnoDB DEFAULT CHARSET=utf8;

--
-- Дамп данных таблицы `contact_manager_phinxlog`
--

INSERT INTO `contact_manager_phinxlog` (`version`, `migration_name`, `start_time`, `end_time`, `breakpoint`) VALUES
(20180118115647, 'CreateInquiries', '2018-07-03 05:02:22', '2018-07-03 05:02:22', 0);

-- --------------------------------------------------------

--
-- Структура таблицы `email_hooks`
--

CREATE TABLE `email_hooks` (
  `id` int(11) NOT NULL,
  `title` varchar(150) NOT NULL,
  `slug` varchar(150) NOT NULL,
  `description` text NOT NULL,
  `status` tinyint(1) NOT NULL,
  `created` datetime NOT NULL,
  `modified` datetime NOT NULL
) ENGINE=InnoDB DEFAULT CHARSET=latin1;

--
-- Дамп данных таблицы `email_hooks`
--

INSERT INTO `email_hooks` (`id`, `title`, `slug`, `description`, `status`, `created`, `modified`) VALUES
(1, 'Welcome Email', 'welcome-email', 'when user has been registered then send welcome email for verify account.', 1, '2018-06-26 10:48:28', '2018-06-26 10:48:28'),
(2, 'Forgot Password Email', 'forgot-password-email', 'when user has forgot password.', 1, '2018-06-26 10:48:28', '2018-06-26 10:48:28'),
(3, 'Contact us', 'contact-us', 'when guest user send inquiry from contact us form.', 1, '2018-06-26 10:48:28', '2018-06-26 10:48:28'),
(4, 'Collabe Request', 'collabe-request', 'Template use for Collabe Request', 1, '2018-11-29 12:40:04', '2018-11-29 12:40:04');

-- --------------------------------------------------------

--
-- Структура таблицы `email_manager_phinxlog`
--

CREATE TABLE `email_manager_phinxlog` (
  `version` bigint(20) NOT NULL,
  `migration_name` varchar(100) DEFAULT NULL,
  `start_time` timestamp NULL DEFAULT NULL,
  `end_time` timestamp NULL DEFAULT NULL,
  `breakpoint` tinyint(1) NOT NULL DEFAULT '0'
) ENGINE=InnoDB DEFAULT CHARSET=utf8;

--
-- Дамп данных таблицы `email_manager_phinxlog`
--

INSERT INTO `email_manager_phinxlog` (`version`, `migration_name`, `start_time`, `end_time`, `breakpoint`) VALUES
(20171218082425, 'CreateEmailPreferences', '2018-06-26 05:18:17', '2018-06-26 05:18:17', 0),
(20171218082436, 'CreateEmailHooks', '2018-06-26 05:18:17', '2018-06-26 05:18:17', 0),
(20171218083809, 'CreateEmailTemplates', '2018-06-26 05:18:17', '2018-06-26 05:18:17', 0);

-- --------------------------------------------------------

--
-- Структура таблицы `email_preferences`
--

CREATE TABLE `email_preferences` (
  `id` int(11) NOT NULL,
  `title` varchar(150) NOT NULL,
  `layout_html` text NOT NULL,
  `status` tinyint(1) NOT NULL,
  `created` datetime NOT NULL,
  `modified` datetime NOT NULL
) ENGINE=InnoDB DEFAULT CHARSET=latin1;

--
-- Дамп данных таблицы `email_preferences`
--

INSERT INTO `email_preferences` (`id`, `title`, `layout_html`, `status`, `created`, `modified`) VALUES
(1, 'Main Email Layout', '<html>\n<head><meta http-equiv=\"Content-Type\" content=\"text/html; charset=utf-8\" /></head>\n<body><div>\n<table align=\"center\" cellpadding=\"0\" cellspacing=\"0\" style=\"border:1px solid #dddddd;\" width=\"650\">\n	<tbody>\n		<tr>\n			<td>\n			<table cellpadding=\"0\" cellspacing=\"0\" style=\"background:#ffffff; border-bottom:1px solid #dddddd; padding:15px;\" width=\"100%\">\n				<tbody>\n					<tr>\n						<td><a href=\"##BASE_URL##\" target=\"_blank\"><img alt=\"\" border=\"0\" src=\"##SYSTEM_LOGO##\" /></a></td>\n					</tr>\n				</tbody>\n			</table>\n			</td>\n		</tr>\n		<tr>\n			<td style=\"background:#ffffff; padding:15px;\">\n			<table cellpadding=\"0\" cellspacing=\"0\" width=\"100%\">\n				<tbody>\n					<tr>\n						<td style=\"font-family:\'Trebuchet MS\', Arial, Helvetica, sans-serif; color:#000000; font-size:16px;\">\n							##EMAIL_CONTENT##\n						</td>\n					</tr>\n					<tr>\n						<td style=\"font-family:\'Trebuchet MS\', Arial, Helvetica, sans-serif; color:#043f8d; font-size:16px; vertical-align:middle; text-align:left; padding-top:20px;\">\n						##EMAIL_FOOTER##\n						</td>\n					</tr>\n				</tbody>\n			</table>\n			</td>\n		</tr>\n		<tr>\n			<td style=\"background:#043f8d; border-top:1px solid #dddddd; text-align:center; font-family:\'Trebuchet MS\', Arial, Helvetica, sans-serif; color:#ffffff; padding:12px; font-size:12px; text-transform:uppercase; font-weight:normal;\">##COPYRIGHT_TEXT##</td>\n		</tr>\n	</tbody>\n</table>\n</div>\n</body>\n</head>\n</html>', 1, '2018-06-26 10:48:36', '2018-06-26 10:48:36');

-- --------------------------------------------------------

--
-- Структура таблицы `email_templates`
--

CREATE TABLE `email_templates` (
  `id` int(11) NOT NULL,
  `email_hook_id` int(11) NOT NULL,
  `subject` varchar(150) NOT NULL,
  `description` text NOT NULL,
  `footer_text` text NOT NULL,
  `email_preference_id` int(11) NOT NULL,
  `status` tinyint(1) NOT NULL,
  `created` datetime NOT NULL,
  `modified` datetime NOT NULL
) ENGINE=InnoDB DEFAULT CHARSET=latin1;

--
-- Дамп данных таблицы `email_templates`
--

INSERT INTO `email_templates` (`id`, `email_hook_id`, `subject`, `description`, `footer_text`, `email_preference_id`, `status`, `created`, `modified`) VALUES
(1, 1, '##USER_NAME##, a very warm welcome to the ##SYSTEM_APPLICATION_NAME##', '<p>We&rsquo;re so happy to have you with us.</p>\n\n<p>Please click on the button below to confirm we got the right email address.</p>\n\n<p><a href=\"##verify_n_password##\">VERIFY MY EMAIL</a></p>\n\n<p>Or copy and paste the link below.</p>\n\n<p>##verify_n_password##</p>\n\n<p>##USER_INFO##</p>', '<strong>Thanks and Regards,</strong><p>##SYSTEM_APPLICATION_NAME##</p>', 1, 1, '2018-06-26 10:48:46', '2018-06-26 10:48:46'),
(2, 2, '##USER_NAME##, to set your new password…', '<p>You Recently requested to reset your password for your admin account. Click the button below to reset it.</p>\n\n<p><a href=\"##USER_RESET_LINK##\">Reset Password</a></p>\n\n<p>if you ignore this message, your password won&#39;t be changed.</p>', '<strong>Thanks and Regards,</strong><p>##SYSTEM_APPLICATION_NAME##</p>', 1, 1, '2018-06-26 10:48:46', '2018-06-26 10:48:46'),
(3, 3, 'Hello Administrtor, ##USER_NAME## want\'s to contact you', '<p>Hello Administrator,</p>\n\n<p>&nbsp;</p>\n\n<p>Name :&nbsp;##USER_NAME##</p>\n\n<p>Email :&nbsp;##USER_EMAIL##</p>\n\n<p>Phone No. :&nbsp;##USERE_MOBILE##</p>\n\n<p>##MESSAGE##</p>', '<strong>Thanks and Regards,</strong><p>##SYSTEM_APPLICATION_NAME##</p>', 1, 1, '2018-06-26 10:48:46', '2018-06-26 10:48:46'),
(4, 4, 'Request for new collabe', '<p>Hello Administrator,</p>\r\n\r\n<p>Here is request for new collabe after approve this from admin panel visible at front.</p>\r\n\r\n<p>Artist 1 : ##ARTIST_ONE##</p>\r\n\r\n<p>Artist 2 : ##ARTIST_TWO##</p>\r\n', '', 1, 1, '2018-11-29 12:40:45', '2018-11-29 12:40:45');

-- --------------------------------------------------------

--
-- Структура таблицы `groups`
--

CREATE TABLE `groups` (
  `id` int(11) NOT NULL,
  `artist_id` int(11) DEFAULT NULL,
  `name` varchar(255) DEFAULT NULL,
  `status` tinyint(1) DEFAULT NULL,
  `created` datetime NOT NULL,
  `modified` datetime NOT NULL
) ENGINE=InnoDB DEFAULT CHARSET=latin1;

--
-- Дамп данных таблицы `groups`
--

INSERT INTO `groups` (`id`, `artist_id`, `name`, `status`, `created`, `modified`) VALUES
(3, 20, 'Slim Shady', 0, '2019-01-22 01:31:20', '2019-01-25 03:11:45'),
(4, 752, 'one', NULL, '2019-02-14 05:21:16', '2019-02-14 05:21:16'),
(5, 752, 'two', NULL, '2019-02-14 05:21:16', '2019-02-14 05:21:16'),
(6, 752, 'three', NULL, '2019-02-14 05:21:16', '2019-02-14 05:21:16'),
(7, 307, 'Jay Z', NULL, '2019-02-14 08:55:15', '2019-02-14 21:26:12'),
(8, 307, 'JayZ', NULL, '2019-02-14 10:07:10', '2019-02-14 21:26:12'),
(9, 307, 'Jay c', NULL, '2019-02-14 10:07:10', '2019-02-14 10:07:10'),
(10, 307, 'Jay d', NULL, '2019-02-14 10:07:10', '2019-02-14 10:07:10'),
(11, 307, 'Jay f', NULL, '2019-02-14 10:07:10', '2019-02-14 10:07:25');

-- --------------------------------------------------------

--
-- Структура таблицы `inquiries`
--

CREATE TABLE `inquiries` (
  `id` int(11) NOT NULL,
  `first_name` varchar(100) NOT NULL,
  `last_name` varchar(50) NOT NULL,
  `email` varchar(250) NOT NULL,
  `mobile` varchar(16) NOT NULL,
  `message` tinytext NOT NULL,
  `created` datetime NOT NULL,
  `modified` datetime NOT NULL
) ENGINE=InnoDB DEFAULT CHARSET=latin1;

-- --------------------------------------------------------

--
-- Структура таблицы `modules`
--

CREATE TABLE `modules` (
  `id` int(11) NOT NULL,
  `title` varchar(150) NOT NULL,
  `plugin` varchar(120) NOT NULL,
  `controller` varchar(120) NOT NULL,
  `action` varchar(100) NOT NULL,
  `json_path` varchar(400) NOT NULL,
  `banner` varchar(200) NOT NULL,
  `meta_title` varchar(255) NOT NULL,
  `meta_keyword` varchar(300) NOT NULL,
  `meta_description` tinytext NOT NULL,
  `status` tinyint(1) NOT NULL,
  `created` datetime NOT NULL,
  `modified` datetime NOT NULL
) ENGINE=InnoDB DEFAULT CHARSET=latin1;

--
-- Дамп данных таблицы `modules`
--

INSERT INTO `modules` (`id`, `title`, `plugin`, `controller`, `action`, `json_path`, `banner`, `meta_title`, `meta_keyword`, `meta_description`, `status`, `created`, `modified`) VALUES
(1, 'Hpme', '', 'Pages', 'display', '{\"plugin\":null,\"controller\":\"Pages\",\"action\":\"display\"}', '', '', '', '', 1, '2018-07-27 06:19:15', '2018-07-27 06:19:15'),
(2, 'Contact us', 'ContactManager', 'Inquiries', 'index', '{\"plugin\":\"ContactManager\",\"controller\":\"Inquiries\",\"action\":\"index\"}', '', '', '', '', 1, '2018-07-27 06:20:02', '2018-07-27 06:20:02');

-- --------------------------------------------------------

--
-- Структура таблицы `navigations`
--

CREATE TABLE `navigations` (
  `id` int(11) NOT NULL,
  `title` varchar(150) NOT NULL,
  `slug` varchar(250) NOT NULL,
  `parent_id` int(11) NOT NULL,
  `menu_link` varchar(255) NOT NULL,
  `is_nav_type` int(2) NOT NULL,
  `lft` int(11) NOT NULL,
  `rght` int(11) NOT NULL,
  `sort_order` int(11) DEFAULT NULL,
  `is_top` tinyint(1) DEFAULT NULL,
  `is_bottom` tinyint(1) DEFAULT NULL,
  `status` tinyint(1) NOT NULL,
  `created` datetime NOT NULL,
  `modified` datetime NOT NULL
) ENGINE=InnoDB DEFAULT CHARSET=latin1;

--
-- Дамп данных таблицы `navigations`
--

INSERT INTO `navigations` (`id`, `title`, `slug`, `parent_id`, `menu_link`, `is_nav_type`, `lft`, `rght`, `sort_order`, `is_top`, `is_bottom`, `status`, `created`, `modified`) VALUES
(1, 'Home', 'home', 0, '{\"plugin\":null,\"controller\":\"Pages\",\"action\":\"display\"}', 3, 1, 2, 1, 1, 0, 1, '2018-07-27 06:21:17', '2018-07-27 06:21:17'),
(2, 'Contact Us', 'contact-us', 0, '{\"plugin\":\"ContactManager\",\"controller\":\"Inquiries\",\"action\":\"index\"}', 3, 3, 4, 2, 1, 0, 1, '2018-07-27 06:22:28', '2018-07-27 06:22:28'),
(3, 'About Us', 'about-us', 0, '{\"plugin\":\"CmsManager\",\"controller\":\"Pages\",\"action\":\"detail\",\"slug\":\"about-us\"}', 1, 5, 6, 3, 1, 1, 1, '2018-07-27 06:24:03', '2018-07-27 06:24:03');

-- --------------------------------------------------------

--
-- Структура таблицы `pages`
--

CREATE TABLE `pages` (
  `id` int(11) NOT NULL,
  `title` varchar(150) NOT NULL,
  `sub_title` varchar(150) NOT NULL,
  `slug` varchar(250) NOT NULL,
  `short_description` varchar(400) NOT NULL,
  `description` text NOT NULL,
  `banner` varchar(200) NOT NULL,
  `meta_title` varchar(255) NOT NULL,
  `meta_keyword` varchar(300) NOT NULL,
  `meta_description` text NOT NULL,
  `status` tinyint(1) NOT NULL,
  `created` datetime NOT NULL,
  `modified` datetime NOT NULL
) ENGINE=InnoDB DEFAULT CHARSET=latin1;

--
-- Дамп данных таблицы `pages`
--

INSERT INTO `pages` (`id`, `title`, `sub_title`, `slug`, `short_description`, `description`, `banner`, `meta_title`, `meta_keyword`, `meta_description`, `status`, `created`, `modified`) VALUES
(1, 'About Us', '', 'about-us', 'h', '<p>gdfhth</p>\r\n', '', 'fgr', 'grg', 'rgre', 1, '2018-07-27 06:23:44', '2018-07-27 06:23:44');

-- --------------------------------------------------------

--
-- Структура таблицы `roles`
--

CREATE TABLE `roles` (
  `id` int(11) NOT NULL,
  `title` varchar(100) NOT NULL,
  `is_default` tinyint(1) DEFAULT NULL,
  `created` datetime NOT NULL,
  `modified` datetime NOT NULL
) ENGINE=InnoDB DEFAULT CHARSET=latin1;

--
-- Дамп данных таблицы `roles`
--

INSERT INTO `roles` (`id`, `title`, `is_default`, `created`, `modified`) VALUES
(1, 'Administration', NULL, '2018-06-26 10:47:23', '2018-06-26 10:47:23'),
(2, 'Admin', NULL, '2018-06-26 10:47:23', '2018-06-26 10:47:23');

-- --------------------------------------------------------

--
-- Структура таблицы `settings`
--

CREATE TABLE `settings` (
  `id` int(11) NOT NULL,
  `title` varchar(150) NOT NULL,
  `slug` varchar(255) NOT NULL,
  `config_value` text NOT NULL,
  `manager` varchar(255) NOT NULL,
  `field_type` varchar(255) NOT NULL,
  `created` datetime NOT NULL,
  `modified` datetime NOT NULL
) ENGINE=InnoDB DEFAULT CHARSET=latin1;

--
-- Дамп данных таблицы `settings`
--

INSERT INTO `settings` (`id`, `title`, `slug`, `config_value`, `manager`, `field_type`, `created`, `modified`) VALUES
(1, 'Website Name', 'SYSTEM_APPLICATION_NAME', 'Collabthem', 'general', 'text', '2018-06-26 10:48:08', '2018-11-20 08:14:46'),
(2, 'Admin Email', 'ADMIN_EMAIL', 'dawid@uupro.com', 'general', 'text', '2018-06-26 10:48:08', '2019-02-15 04:53:08'),
(3, 'From Email', 'FROM_EMAIL', 'contact@collabthem.com', 'general', 'text', '2018-06-26 10:48:08', '2019-02-15 04:52:56'),
(4, 'Owner Name', 'WEBSITE_OWNER', 'Dawid Mazurkiewicz', 'general', 'text', '2018-06-26 10:48:08', '2019-02-15 04:52:42'),
(5, 'Telephone', 'TELEPHONE', '+91-1234567890', 'general', 'text', '2018-06-26 10:48:08', '2018-11-21 13:27:50'),
(6, 'Admin Page Limit', 'ADMIN_PAGE_LIMIT', '20', 'general', 'text', '2018-06-26 10:48:08', '2018-06-26 10:48:08'),
(7, 'Front Page Limit', 'FRONT_PAGE_LIMIT', '12', 'general', 'text', '2018-06-26 10:48:08', '2018-11-29 13:34:06'),
(8, 'Admin Date Format', 'ADMIN_DATE_FORMAT', 'd F, Y', 'general', 'text', '2018-06-26 10:48:08', '2018-06-26 10:48:08'),
(9, 'Admin Date Time Format', 'ADMIN_DATE_TIME_FORMAT', 'd F, Y H:i A', 'general', 'text', '2018-06-26 10:48:08', '2018-06-26 10:48:08'),
(10, 'Front Date Format', 'FRONT_DATE_FORMAT', 'd F, Y', 'general', 'text', '2018-06-26 10:48:08', '2018-06-26 10:48:08'),
(11, 'Front Date Time Format', 'FRONT_DATE_TIME_FORMAT', 'd F, Y', 'general', 'text', '2018-06-26 10:48:08', '2018-06-26 10:48:08'),
(12, 'Reset URL expired in hours', 'RESET_URL_EXPIRED', '24', 'general', 'text', '2018-06-26 10:48:08', '2018-06-26 10:48:08'),
(13, 'Development Mode', 'DEVELOPMENT_MODE', '0', 'general', 'checkbox', '2018-06-26 10:48:08', '2019-02-14 05:22:44'),
(14, 'Default currency', 'DEFAULT_CURRENCY', 'USD', 'general', 'text', '2018-06-26 10:48:08', '2018-06-26 10:48:08'),
(15, 'Contact us text', 'CONTACT_US_TEXT', 'Lorem ipsum dolor sit amet, consectetur adipiscing elit, sed do eiusmod tempor incididunt ut labore et dolore magna aliqua. Ut enim ad minim veniam, quis nostrud exercitation ullamco laboris nisi ut aliquip ex ea commodo consequat.', 'general', 'text', '2018-06-26 10:48:08', '2018-06-26 10:48:08'),
(16, 'Google Map Api Key', 'GOOGLE_MAP_KEY', 'AIzaSyD9pg6_fzfgDHJFSW0wkrIcuCOw_V9qOfM', 'general', 'text', '2018-06-26 10:48:08', '2018-06-26 10:48:08'),
(17, 'Office Address', 'ADDRESS', 'Update soon', 'general', 'text', '2018-06-26 10:48:08', '2019-02-15 05:43:56'),
(18, 'Main Logo', 'MAIN_LOGO', 'uploads/logo_.png', 'theme_images', 'text', '2018-06-26 10:48:08', '2019-02-11 06:01:11'),
(19, 'Main Favicon', 'MAIN_FAVICON', 'uploads/dots-.png', 'theme_images', 'text', '2018-06-26 10:48:08', '2018-06-26 11:11:02'),
(20, 'SMTP Allowed', 'SMTP_ALLOW', '1', 'smtp', 'text', '2018-06-26 10:48:08', '2018-11-20 07:29:09'),
(21, 'Email Host Name', 'SMTP_EMAIL_HOST', 'mail.collabthem.com', 'smtp', 'text', '2018-06-26 10:48:08', '2019-01-29 10:55:54'),
(22, 'SMTP Username', 'SMTP_USERNAME', 'support@collabthem.com', 'smtp', 'text', '2018-06-26 10:48:08', '2019-01-29 10:55:54'),
(23, 'SMTP password', 'SMTP_PASSWORD', 'collabthem@123', 'smtp', 'text', '2018-06-26 10:48:08', '2019-01-29 10:55:54'),
(24, 'SMTP port', 'SMTP_PORT', '587', 'smtp', 'checkbox', '2018-06-26 10:48:08', '2019-01-29 11:01:25'),
(25, 'SMTP Tls', 'SMTP_TLS', '0', 'smtp', 'text', '2018-06-26 10:48:08', '2018-11-20 07:29:09'),
(26, 'Default Banner', 'DEFAULT_BANNER', '1', 'general', 'text', '2018-07-03 10:33:57', '2018-07-03 10:33:57'),
(27, 'Social Icons', 'SOCIAL_LINKS', '[{\"icon\":\"fa fa-facebook\",\"url\":\"https:\\/\\/www.facebook.com\\/collabthem\",\"title\":\"Facebook\"},{\"icon\":\"fa fa-instagram\",\"url\":\"https:\\/\\/www.instagram.com\\/collabthem\",\"title\":\"instagram\"},{\"icon\":\"fa fa-twitter\",\"url\":\"https:\\/\\/twitter.com\\/collabthem\",\"title\":\"twitter\"}]', 'social', 'text', '2018-11-23 13:16:15', '2019-02-01 04:47:13');

-- --------------------------------------------------------

--
-- Структура таблицы `setting_manager_phinxlog`
--

CREATE TABLE `setting_manager_phinxlog` (
  `version` bigint(20) NOT NULL,
  `migration_name` varchar(100) DEFAULT NULL,
  `start_time` timestamp NULL DEFAULT NULL,
  `end_time` timestamp NULL DEFAULT NULL,
  `breakpoint` tinyint(1) NOT NULL DEFAULT '0'
) ENGINE=InnoDB DEFAULT CHARSET=utf8;

--
-- Дамп данных таблицы `setting_manager_phinxlog`
--

INSERT INTO `setting_manager_phinxlog` (`version`, `migration_name`, `start_time`, `end_time`, `breakpoint`) VALUES
(20171220071130, 'CreateSettings', '2018-06-26 05:17:08', '2018-06-26 05:17:08', 0);

-- --------------------------------------------------------

--
-- Структура таблицы `users`
--

CREATE TABLE `users` (
  `id` int(11) NOT NULL,
  `first_name` varchar(100) NOT NULL,
  `last_name` varchar(50) NOT NULL,
  `mobile` varchar(15) NOT NULL,
  `dob` date NOT NULL,
  `email` varchar(180) NOT NULL,
  `password` varchar(255) NOT NULL,
  `fake_pass` varchar(250) NOT NULL,
  `profile_photo` varchar(255) NOT NULL,
  `status` tinyint(1) NOT NULL,
  `is_verified` tinyint(1) NOT NULL,
  `login_count` int(11) NOT NULL,
  `created` datetime NOT NULL,
  `modified` datetime NOT NULL
) ENGINE=InnoDB DEFAULT CHARSET=latin1;

--
-- Дамп данных таблицы `users`
--

INSERT INTO `users` (`id`, `first_name`, `last_name`, `mobile`, `dob`, `email`, `password`, `fake_pass`, `profile_photo`, `status`, `is_verified`, `login_count`, `created`, `modified`) VALUES
(1, 'Monika', 'jain', '', '2018-02-06', 'monila@gmail.com', '$2y$10$PPPvCOPa6csQ2RLxUFRlPuf.FhAtjo6mOR1Mhk4RiYo6.5Tbxah3a', '', 'uploads/admin_users/photos/0064a28d08b8de9c76e4f43a13ed0d0a.jpg', 0, 0, 0, '2018-06-26 10:56:12', '2018-07-26 13:28:44');

-- --------------------------------------------------------

--
-- Структура таблицы `users_account_types`
--

CREATE TABLE `users_account_types` (
  `id` int(11) NOT NULL,
  `user_id` int(5) NOT NULL,
  `account_type_id` int(11) NOT NULL
) ENGINE=InnoDB DEFAULT CHARSET=latin1;

--
-- Дамп данных таблицы `users_account_types`
--

INSERT INTO `users_account_types` (`id`, `user_id`, `account_type_id`) VALUES
(1, 1, 1);

-- --------------------------------------------------------

--
-- Структура таблицы `user_manager_phinxlog`
--

CREATE TABLE `user_manager_phinxlog` (
  `version` bigint(20) NOT NULL,
  `migration_name` varchar(100) DEFAULT NULL,
  `start_time` timestamp NULL DEFAULT NULL,
  `end_time` timestamp NULL DEFAULT NULL,
  `breakpoint` tinyint(1) NOT NULL DEFAULT '0'
) ENGINE=InnoDB DEFAULT CHARSET=utf8;

--
-- Дамп данных таблицы `user_manager_phinxlog`
--

INSERT INTO `user_manager_phinxlog` (`version`, `migration_name`, `start_time`, `end_time`, `breakpoint`) VALUES
(20180109130834, 'CreateUsers', '2018-06-26 05:19:05', '2018-06-26 05:19:05', 0),
(20180109130848, 'CreateAccountTypes', '2018-06-26 05:19:05', '2018-06-26 05:19:05', 0),
(20180109130857, 'CreateUsersAccountTypes', '2018-06-26 05:19:05', '2018-06-26 05:19:05', 0),
(20180109131012, 'AddFakePassToUsers', '2018-06-26 05:19:05', '2018-06-26 05:19:06', 0);

-- --------------------------------------------------------

--
-- Структура таблицы `user_tokens`
--

CREATE TABLE `user_tokens` (
  `id` int(11) NOT NULL,
  `user_id` int(11) NOT NULL,
  `user_type` varchar(255) NOT NULL,
  `token_type` varchar(255) NOT NULL,
  `token` varchar(255) NOT NULL,
  `status` tinyint(1) NOT NULL,
  `created` datetime NOT NULL,
  `modified` datetime NOT NULL
) ENGINE=InnoDB DEFAULT CHARSET=latin1;

--
-- Дамп данных таблицы `user_tokens`
--

INSERT INTO `user_tokens` (`id`, `user_id`, `user_type`, `token_type`, `token`, `status`, `created`, `modified`) VALUES
(1, 1, 'users', 'account_confirmation', '35b5c7cd-578d-43e4-9d71-948ee5d205e6', 0, '2018-06-26 10:56:12', '2018-06-26 10:56:12'),
(2, 9, 'admin_user', 'account_confirmation', '92a9f29f-88c2-4be0-8fcc-d2df0eef5fc7', 0, '2018-07-26 13:24:48', '2018-07-26 13:24:48'),
(3, 9, 'admin_user', 'forgot', '6f3f38fc-4b47-4c72-939c-d7dbf7c70b34', 0, '2018-07-26 13:25:45', '2018-07-26 13:25:45');

--
-- Индексы сохранённых таблиц
--

--
-- Индексы таблицы `account_types`
--
ALTER TABLE `account_types`
  ADD PRIMARY KEY (`id`);

--
-- Индексы таблицы `admin_users`
--
ALTER TABLE `admin_users`
  ADD PRIMARY KEY (`id`),
  ADD UNIQUE KEY `EMAIL_INDEX` (`email`);

--
-- Индексы таблицы `admin_users_roles`
--
ALTER TABLE `admin_users_roles`
  ADD PRIMARY KEY (`id`),
  ADD KEY `BY_ROLE_ID` (`role_id`),
  ADD KEY `BY_ADMIN_USER_ID` (`admin_user_id`);

--
-- Индексы таблицы `admin_user_manager_phinxlog`
--
ALTER TABLE `admin_user_manager_phinxlog`
  ADD PRIMARY KEY (`version`);

--
-- Индексы таблицы `artists`
--
ALTER TABLE `artists`
  ADD PRIMARY KEY (`id`);

--
-- Индексы таблицы `artists_groups`
--
ALTER TABLE `artists_groups`
  ADD PRIMARY KEY (`id`),
  ADD KEY `BY_ARTIST_ID` (`artist_id`) USING BTREE,
  ADD KEY `group_id` (`group_id`);

--
-- Индексы таблицы `banners`
--
ALTER TABLE `banners`
  ADD PRIMARY KEY (`id`);

--
-- Индексы таблицы `banner_images`
--
ALTER TABLE `banner_images`
  ADD PRIMARY KEY (`id`),
  ADD KEY `BY_BANNER_ID` (`banner_id`);

--
-- Индексы таблицы `banner_manager_phinxlog`
--
ALTER TABLE `banner_manager_phinxlog`
  ADD PRIMARY KEY (`version`);

--
-- Индексы таблицы `cms_manager_phinxlog`
--
ALTER TABLE `cms_manager_phinxlog`
  ADD PRIMARY KEY (`version`);

--
-- Индексы таблицы `collabeds`
--
ALTER TABLE `collabeds`
  ADD PRIMARY KEY (`id`),
  ADD KEY `artist_id_1` (`artist_1`),
  ADD KEY `artist_id_2` (`artist_2`),
  ADD KEY `banner_id` (`banner_id`);

--
-- Индексы таблицы `collabed_likes`
--
ALTER TABLE `collabed_likes`
  ADD PRIMARY KEY (`id`),
  ADD KEY `collabed_id` (`collabed_id`);

--
-- Индексы таблицы `contact_manager_phinxlog`
--
ALTER TABLE `contact_manager_phinxlog`
  ADD PRIMARY KEY (`version`);

--
-- Индексы таблицы `email_hooks`
--
ALTER TABLE `email_hooks`
  ADD PRIMARY KEY (`id`),
  ADD UNIQUE KEY `UNIQUE_SLUG` (`slug`);

--
-- Индексы таблицы `email_manager_phinxlog`
--
ALTER TABLE `email_manager_phinxlog`
  ADD PRIMARY KEY (`version`);

--
-- Индексы таблицы `email_preferences`
--
ALTER TABLE `email_preferences`
  ADD PRIMARY KEY (`id`);

--
-- Индексы таблицы `email_templates`
--
ALTER TABLE `email_templates`
  ADD PRIMARY KEY (`id`),
  ADD KEY `BY_EMAIL_HOOK_ID` (`email_hook_id`),
  ADD KEY `BY_EMAIL_PREFERENCE_ID` (`email_preference_id`);

--
-- Индексы таблицы `groups`
--
ALTER TABLE `groups`
  ADD PRIMARY KEY (`id`);

--
-- Индексы таблицы `inquiries`
--
ALTER TABLE `inquiries`
  ADD PRIMARY KEY (`id`);

--
-- Индексы таблицы `modules`
--
ALTER TABLE `modules`
  ADD PRIMARY KEY (`id`);

--
-- Индексы таблицы `navigations`
--
ALTER TABLE `navigations`
  ADD PRIMARY KEY (`id`),
  ADD UNIQUE KEY `UNIQUE_SLUG` (`slug`),
  ADD KEY `BY_PARENT_ID` (`parent_id`);

--
-- Индексы таблицы `pages`
--
ALTER TABLE `pages`
  ADD PRIMARY KEY (`id`),
  ADD UNIQUE KEY `UNIQUE_SLUG` (`slug`);

--
-- Индексы таблицы `roles`
--
ALTER TABLE `roles`
  ADD PRIMARY KEY (`id`);

--
-- Индексы таблицы `settings`
--
ALTER TABLE `settings`
  ADD PRIMARY KEY (`id`),
  ADD UNIQUE KEY `UNIQUE_SLUG` (`slug`),
  ADD KEY `manager` (`manager`);

--
-- Индексы таблицы `setting_manager_phinxlog`
--
ALTER TABLE `setting_manager_phinxlog`
  ADD PRIMARY KEY (`version`);

--
-- Индексы таблицы `users`
--
ALTER TABLE `users`
  ADD PRIMARY KEY (`id`),
  ADD UNIQUE KEY `EMAIL_INDEX` (`email`);

--
-- Индексы таблицы `users_account_types`
--
ALTER TABLE `users_account_types`
  ADD PRIMARY KEY (`id`),
  ADD KEY `BY_USER_ID` (`user_id`),
  ADD KEY `BY_ACCOUNT_TYPE_ID` (`account_type_id`);

--
-- Индексы таблицы `user_manager_phinxlog`
--
ALTER TABLE `user_manager_phinxlog`
  ADD PRIMARY KEY (`version`);

--
-- Индексы таблицы `user_tokens`
--
ALTER TABLE `user_tokens`
  ADD PRIMARY KEY (`id`),
  ADD KEY `user_id` (`user_id`);

--
-- AUTO_INCREMENT для сохранённых таблиц
--

--
-- AUTO_INCREMENT для таблицы `account_types`
--
ALTER TABLE `account_types`
  MODIFY `id` int(11) NOT NULL AUTO_INCREMENT, AUTO_INCREMENT=3;

--
-- AUTO_INCREMENT для таблицы `admin_users`
--
ALTER TABLE `admin_users`
  MODIFY `id` int(11) NOT NULL AUTO_INCREMENT, AUTO_INCREMENT=10;

--
-- AUTO_INCREMENT для таблицы `admin_users_roles`
--
ALTER TABLE `admin_users_roles`
  MODIFY `id` int(11) NOT NULL AUTO_INCREMENT, AUTO_INCREMENT=11;

--
-- AUTO_INCREMENT для таблицы `artists`
--
ALTER TABLE `artists`
  MODIFY `id` int(11) NOT NULL AUTO_INCREMENT, AUTO_INCREMENT=760;

--
-- AUTO_INCREMENT для таблицы `artists_groups`
--
ALTER TABLE `artists_groups`
  MODIFY `id` int(11) NOT NULL AUTO_INCREMENT;

--
-- AUTO_INCREMENT для таблицы `banners`
--
ALTER TABLE `banners`
  MODIFY `id` int(11) NOT NULL AUTO_INCREMENT, AUTO_INCREMENT=2;

--
-- AUTO_INCREMENT для таблицы `banner_images`
--
ALTER TABLE `banner_images`
  MODIFY `id` int(11) NOT NULL AUTO_INCREMENT, AUTO_INCREMENT=2;

--
-- AUTO_INCREMENT для таблицы `collabeds`
--
ALTER TABLE `collabeds`
  MODIFY `id` int(11) NOT NULL AUTO_INCREMENT, AUTO_INCREMENT=112;

--
-- AUTO_INCREMENT для таблицы `collabed_likes`
--
ALTER TABLE `collabed_likes`
  MODIFY `id` int(11) NOT NULL AUTO_INCREMENT, AUTO_INCREMENT=76;

--
-- AUTO_INCREMENT для таблицы `email_hooks`
--
ALTER TABLE `email_hooks`
  MODIFY `id` int(11) NOT NULL AUTO_INCREMENT, AUTO_INCREMENT=5;

--
-- AUTO_INCREMENT для таблицы `email_preferences`
--
ALTER TABLE `email_preferences`
  MODIFY `id` int(11) NOT NULL AUTO_INCREMENT, AUTO_INCREMENT=2;

--
-- AUTO_INCREMENT для таблицы `email_templates`
--
ALTER TABLE `email_templates`
  MODIFY `id` int(11) NOT NULL AUTO_INCREMENT, AUTO_INCREMENT=5;

--
-- AUTO_INCREMENT для таблицы `groups`
--
ALTER TABLE `groups`
  MODIFY `id` int(11) NOT NULL AUTO_INCREMENT, AUTO_INCREMENT=12;

--
-- AUTO_INCREMENT для таблицы `inquiries`
--
ALTER TABLE `inquiries`
  MODIFY `id` int(11) NOT NULL AUTO_INCREMENT;

--
-- AUTO_INCREMENT для таблицы `modules`
--
ALTER TABLE `modules`
  MODIFY `id` int(11) NOT NULL AUTO_INCREMENT, AUTO_INCREMENT=3;

--
-- AUTO_INCREMENT для таблицы `navigations`
--
ALTER TABLE `navigations`
  MODIFY `id` int(11) NOT NULL AUTO_INCREMENT, AUTO_INCREMENT=4;

--
-- AUTO_INCREMENT для таблицы `pages`
--
ALTER TABLE `pages`
  MODIFY `id` int(11) NOT NULL AUTO_INCREMENT, AUTO_INCREMENT=2;

--
-- AUTO_INCREMENT для таблицы `roles`
--
ALTER TABLE `roles`
  MODIFY `id` int(11) NOT NULL AUTO_INCREMENT, AUTO_INCREMENT=3;

--
-- AUTO_INCREMENT для таблицы `settings`
--
ALTER TABLE `settings`
  MODIFY `id` int(11) NOT NULL AUTO_INCREMENT, AUTO_INCREMENT=28;

--
-- AUTO_INCREMENT для таблицы `users`
--
ALTER TABLE `users`
  MODIFY `id` int(11) NOT NULL AUTO_INCREMENT, AUTO_INCREMENT=2;

--
-- AUTO_INCREMENT для таблицы `users_account_types`
--
ALTER TABLE `users_account_types`
  MODIFY `id` int(11) NOT NULL AUTO_INCREMENT, AUTO_INCREMENT=2;

--
-- AUTO_INCREMENT для таблицы `user_tokens`
--
ALTER TABLE `user_tokens`
  MODIFY `id` int(11) NOT NULL AUTO_INCREMENT, AUTO_INCREMENT=4;
COMMIT;

/*!40101 SET CHARACTER_SET_CLIENT=@OLD_CHARACTER_SET_CLIENT */;
/*!40101 SET CHARACTER_SET_RESULTS=@OLD_CHARACTER_SET_RESULTS */;
/*!40101 SET COLLATION_CONNECTION=@OLD_COLLATION_CONNECTION */;
